사고번호,사고일시,요일,시군구,사고내용,사망자수,중상자수,경상자수,부상신고자수,사고유형,법규위반,노면상태,기상상태,도로형태,가해운전자 차종,가해운전자 성별,가해운전자 연령,가해운전자 상해정도,피해운전자 차종,피해운전자 성별,피해운전자 연령,피해운전자 상해정도
2018092000100283,2018년 9월 20일 12시,목요일,충청남도 예산군 예산읍,중상사고,0,1,0,0,차대사람 - 차도통행중,안전운전불이행,포장 - 건조,흐림,단일로 - 기타,승용,남,48세,상해없음,보행자,여,64세,중상
2018092000100526,2018년 9월 20일 18시,목요일,충청남도 청양군 남양면,사망사고,1,0,0,0,차대사람 - 횡단중,과속,포장 - 건조,맑음,단일로 - 기타,승용,남,65세,상해없음,보행자,여,90세 이상,사망
2018092000100648,2018년 9월 20일 20시,목요일,충청남도 홍성군 홍성읍,경상사고,0,0,1,0,차대사람 - 횡단중,안전운전불이행,포장 - 건조,흐림,기타 - 기타,승용,남,49세,상해없음,보행자,여,87세,경상
2018092000100649,2018년 9월 20일 20시,목요일,충청남도 아산시 모종동,경상사고,0,0,1,0,차대사람 - 횡단중,보행자보호의무위반,포장 - 건조,기타,교차로 - 교차로부근,승용,남,35세,상해없음,보행자,여,11세,경상
2018092000100716,2018년 9월 20일 22시,목요일,충청남도 천안시 동남구 사직동,중상사고,0,1,0,0,차대사람 - 기타,안전운전불이행,포장 - 건조,맑음,단일로 - 기타,승용,여,30세,상해없음,보행자,남,52세,중상
2018092100100015,2018년 9월 21일 00시,금요일,충청남도 천안시 동남구 사직동,경상사고,0,0,1,0,차대사람 - 기타,안전운전불이행,포장 - 건조,맑음,단일로 - 기타,승용,남,57세,기타불명,보행자,남,29세,경상
2018092100100036,2018년 9월 21일 01시,금요일,충청남도 천안시 서북구 두정동,경상사고,0,0,1,0,차대사람 - 보도통행중,안전운전불이행,포장 - 건조,맑음,기타 - 기타,승용,남,32세,상해없음,보행자,남,24세,경상
2018092100100057,2018년 9월 21일 03시,금요일,충청남도 천안시 서북구 두정동,경상사고,0,0,1,0,차대사람 - 기타,안전운전불이행,포장 - 젖음/습기,비,교차로 - 교차로안,승용,남,42세,상해없음,보행자,남,24세,경상
2018092100100201,2018년 9월 21일 09시,금요일,충청남도 천안시 서북구 성거읍,사망사고,1,0,0,0,차대사람 - 횡단중,과속,포장 - 젖음/습기,비,단일로 - 기타,승용,남,19세,상해없음,보행자,여,73세,사망
2018092100100243,2018년 9월 21일 10시,금요일,충청남도 태안군 태안읍,경상사고,0,0,1,0,차대사람 - 기타,안전운전불이행,포장 - 젖음/습기,비,주차장 - 주차장,승용,남,46세,상해없음,보행자,여,82세,경상
2018092100100285,2018년 9월 21일 11시,금요일,충청남도 천안시 동남구 봉명동,중상사고,0,1,0,0,차대사람 - 횡단중,보행자보호의무위반,포장 - 건조,흐림,교차로 - 교차로부근,승용,여,45세,상해없음,보행자,여,75세,중상
2018092100100406,2018년 9월 21일 14시,금요일,충청남도 서산시 동문동,중상사고,0,1,0,0,차대사람 - 기타,안전운전불이행,포장 - 건조,맑음,교차로 - 교차로안,승용,남,27세,상해없음,보행자,남,73세,중상
2018092100100505,2018년 9월 21일 16시,금요일,충청남도 천안시 동남구 사직동,중상사고,0,1,0,0,차대사람 - 차도통행중,안전운전불이행,포장 - 건조,맑음,단일로 - 기타,승용,여,45세,상해없음,보행자,남,72세,중상
2018092100100506,2018년 9월 21일 16시,금요일,충청남도 천안시 동남구 병천면,경상사고,0,0,1,0,차대사람 - 차도통행중,안전운전불이행,포장 - 건조,맑음,교차로 - 교차로안,화물,남,48세,상해없음,보행자,여,75세,경상
2018092100100626,2018년 9월 21일 18시,금요일,충청남도 보령시 대천동,중상사고,0,1,0,0,차대사람 - 횡단중,안전운전불이행,포장 - 건조,맑음,단일로 - 기타,승용,남,67세,상해없음,보행자,남,12세,중상
2018092100100627,2018년 9월 21일 18시,금요일,충청남도 공주시 신관동,경상사고,0,0,1,0,차대사람 - 횡단중,보행자보호의무위반,포장 - 건조,맑음,교차로 - 교차로횡단보도내,승용,남,57세,상해없음,보행자,남,14세,경상
2018092100100849,2018년 9월 21일 23시,금요일,충청남도 천안시 서북구 성정동,중상사고,0,1,0,0,차대사람 - 횡단중,안전운전불이행,포장 - 건조,맑음,교차로 - 교차로안,승용,남,64세,상해없음,보행자,남,26세,중상
2018092200100051,2018년 9월 22일 02시,토요일,충청남도 서산시 읍내동,중상사고,0,1,0,0,차대사람 - 기타,안전운전불이행,포장 - 건조,맑음,단일로 - 기타,승용,남,41세,상해없음,보행자,여,36세,중상
2018092200100126,2018년 9월 22일 07시,토요일,충청남도 아산시 온천동,중상사고,0,1,0,0,차대사람 - 기타,보행자보호의무위반,포장 - 건조,맑음,교차로 - 교차로안,승용,남,28세,상해없음,보행자,여,83세,중상
2018092200100146,2018년 9월 22일 08시,토요일,충청남도 천안시 동남구 구성동,중상사고,0,1,0,0,차대사람 - 횡단중,안전운전불이행,포장 - 건조,맑음,교차로 - 교차로부근,승용,남,29세,상해없음,보행자,여,87세,중상
2018092200100271,2018년 9월 22일 12시,토요일,충청남도 천안시 동남구 영성동,중상사고,0,1,0,0,차대사람 - 기타,불법유턴,포장 - 건조,맑음,단일로 - 기타,승용,여,42세,상해없음,보행자,여,83세,중상
2018092300100210,2018년 9월 23일 14시,일요일,충청남도 천안시 동남구 신부동,경상사고,0,0,1,0,차대사람 - 기타,안전운전불이행,포장 - 건조,맑음,단일로 - 기타,승합,남,53세,상해없음,보행자,남,75세,경상
2018092300100245,2018년 9월 23일 15시,일요일,충청남도 당진시 신평면,중상사고,0,1,0,0,차대사람 - 차도통행중,안전운전불이행,포장 - 건조,맑음,단일로 - 기타,승용,여,37세,상해없음,보행자,여,51세,중상
2018092300100349,2018년 9월 23일 18시,일요일,충청남도 홍성군 은하면,중상사고,0,1,0,0,차대사람 - 차도통행중,안전운전불이행,포장 - 건조,맑음,단일로 - 기타,화물,남,58세,상해없음,보행자,여,13세,중상
2018092300100376,2018년 9월 23일 19시,일요일,충청남도 천안시 서북구 쌍용동,부상신고사고,0,0,0,1,차대사람 - 차도통행중,안전운전불이행,포장 - 건조,맑음,단일로 - 기타,승용,여,51세,상해없음,보행자,여,72세,부상신고
2018092300100378,2018년 9월 23일 19시,일요일,충청남도 부여군 부여읍,사망사고,1,0,0,0,차대사람 - 차도통행중,안전운전불이행,포장 - 건조,맑음,단일로 - 기타,화물,남,52세,상해없음,보행자,남,48세,사망
2018092300100379,2018년 9월 23일 19시,일요일,충청남도 금산군 군북면,중상사고,0,1,0,0,차대사람 - 기타,안전운전불이행,포장 - 건조,맑음,단일로 - 기타,승용,남,51세,상해없음,보행자,남,49세,중상
2018092300100380,2018년 9월 23일 19시,일요일,충청남도 청양군 청양읍,사망사고,1,0,0,0,차대사람 - 기타,안전운전불이행,포장 - 건조,맑음,기타 - 기타,승용,남,56세,상해없음,보행자,남,9세,사망
2018092400100103,2018년 9월 24일 11시,월요일,충청남도 논산시 은진면,경상사고,0,0,1,0,차대사람 - 횡단중,보행자보호의무위반,포장 - 건조,맑음,교차로 - 교차로횡단보도내,승합,남,65세,상해없음,보행자,여,20세,경상
2018092400100104,2018년 9월 24일 11시,월요일,충청남도 논산시 내동,중상사고,0,1,0,0,차대사람 - 횡단중,안전운전불이행,포장 - 건조,맑음,단일로 - 기타,승용,남,52세,상해없음,보행자,남,5세,중상
2018092400100200,2018년 9월 24일 14시,월요일,충청남도 공주시 중동,중상사고,0,1,0,0,차대사람 - 횡단중,보행자보호의무위반,포장 - 건조,맑음,단일로 - 기타,승용,남,29세,상해없음,보행자,남,75세,중상
2018092400100325,2018년 9월 24일 18시,월요일,충청남도 당진시 신평면,중상사고,0,1,0,0,차대사람 - 기타,안전운전불이행,포장 - 건조,맑음,단일로 - 기타,승용,남,49세,상해없음,보행자,남,48세,중상
2018092400100343,2018년 9월 24일 19시,월요일,충청남도 천안시 서북구 와촌동,중상사고,0,1,0,0,차대사람 - 기타,안전운전불이행,포장 - 건조,맑음,단일로 - 교량,승용,남,35세,상해없음,보행자,남,56세,중상
2018092500100033,2018년 9월 25일 03시,화요일,충청남도 논산시 취암동,경상사고,0,0,1,0,차대사람 - 기타,안전운전불이행,포장 - 건조,맑음,단일로 - 기타,승용,남,24세,상해없음,보행자,여,22세,경상
2018092500100374,2018년 9월 25일 19시,화요일,충청남도 홍성군 광천읍,사망사고,1,0,0,0,차대사람 - 횡단중,안전운전불이행,포장 - 건조,맑음,단일로 - 기타,승합,남,49세,상해없음,보행자,여,81세,사망
2018092500100376,2018년 9월 25일 19시,화요일,충청남도 서천군 장항읍,중상사고,0,1,0,0,차대사람 - 횡단중,안전운전불이행,포장 - 건조,맑음,단일로 - 기타,승용,여,38세,상해없음,보행자,여,85세,중상
2018092500100414,2018년 9월 25일 20시,화요일,충청남도 보령시 신흑동,중상사고,0,1,0,0,차대사람 - 길가장자리구역통행중,안전운전불이행,포장 - 건조,맑음,단일로 - 기타,승용,남,76세,상해없음,보행자,여,65세,중상
2018092700100105,2018년 9월 27일 08시,목요일,충청남도 보령시 동대동,중상사고,0,1,0,0,차대사람 - 보도통행중,보행자보호의무위반,포장 - 건조,맑음,단일로 - 기타,승용,남,64세,상해없음,보행자,여,66세,중상
2018092700100106,2018년 9월 27일 08시,목요일,충청남도 당진시 읍내리,중상사고,0,1,0,0,차대사람 - 기타,안전운전불이행,포장 - 건조,맑음,단일로 - 기타,승용,여,50세,상해없음,보행자,남,86세,중상
2018092700100176,2018년 9월 27일 10시,목요일,충청남도 아산시 권곡동,중상사고,0,1,0,0,차대사람 - 기타,안전운전불이행,포장 - 건조,맑음,교차로 - 교차로횡단보도내,승용,남,57세,상해없음,보행자,여,82세,중상
2018092700100451,2018년 9월 27일 17시,목요일,충청남도 논산시 광석면,사망사고,1,0,0,0,차대사람 - 기타,안전운전불이행,포장 - 건조,맑음,단일로 - 기타,승용,여,40세,상해없음,보행자,남,55세,사망
2018092700100505,2018년 9월 27일 18시,목요일,충청남도 천안시 동남구 원성동,중상사고,0,1,0,0,차대사람 - 기타,안전운전불이행,포장 - 건조,맑음,단일로 - 기타,승용,남,33세,상해없음,보행자,남,80세,중상
2018092700100506,2018년 9월 27일 18시,목요일,충청남도 천안시 동남구 구성동,경상사고,0,0,1,0,차대사람 - 횡단중,보행자보호의무위반,포장 - 건조,맑음,단일로 - 기타,승용,여,45세,상해없음,보행자,남,7세,경상
2018092900100034,2018년 9월 29일 01시,토요일,충청남도 보령시 웅천읍,사망사고,1,1,0,0,차대사람 - 차도통행중,안전운전불이행,포장 - 건조,맑음,단일로 - 기타,승용,남,36세,상해없음,보행자,여,67세,사망
2018092900100295,2018년 9월 29일 13시,토요일,충청남도 태안군 태안읍,부상신고사고,0,0,0,1,차대사람 - 횡단중,보행자보호의무위반,포장 - 건조,맑음,단일로 - 기타,승용,남,56세,상해없음,보행자,남,70세,부상신고
2018092900100538,2018년 9월 29일 20시,토요일,충청남도 천안시 서북구 두정동,경상사고,0,0,1,0,차대사람 - 차도통행중,안전운전불이행,포장 - 건조,맑음,교차로 - 교차로안,승용,남,25세,상해없음,보행자,여,23세,경상
2018092900100593,2018년 9월 29일 22시,토요일,충청남도 아산시 신창면,중상사고,0,1,0,0,차대사람 - 기타,안전운전불이행,포장 - 건조,맑음,단일로 - 기타,승용,남,33세,상해없음,보행자,여,47세,중상
2018092900100594,2018년 9월 29일 22시,토요일,충청남도 당진시 신평면,중상사고,0,2,0,0,차대사람 - 기타,안전운전불이행,포장 - 건조,맑음,기타 - 기타,승용,여,59세,상해없음,보행자,여,55세,중상
2018093000100393,2018년 9월 30일 18시,일요일,충청남도 천안시 동남구 신부동,경상사고,0,0,2,0,차대사람 - 보도통행중,보행자보호의무위반,포장 - 건조,맑음,교차로 - 교차로부근,승용,남,26세,상해없음,보행자,남,25세,경상
2018093000100455,2018년 9월 30일 20시,일요일,충청남도 천안시 서북구 쌍용동,경상사고,0,0,1,0,차대사람 - 기타,안전운전불이행,포장 - 건조,맑음,단일로 - 기타,개인형이동수단(PM),남,18세,상해없음,보행자,여,72세,경상
2018100100100179,2018년 10월 1일 10시,월요일,충청남도 서산시 동문동,중상사고,0,1,0,0,차대사람 - 기타,보행자보호의무위반,포장 - 건조,맑음,교차로 - 교차로횡단보도내,화물,남,75세,상해없음,보행자,여,69세,중상
2018100100100242,2018년 10월 1일 12시,월요일,충청남도 아산시 신창면,경상사고,0,0,1,0,차대사람 - 기타,안전운전불이행,포장 - 건조,맑음,단일로 - 기타,승용,남,32세,상해없음,보행자,남,24세,경상
2018100100100317,2018년 10월 1일 14시,월요일,충청남도 논산시 취암동,중상사고,0,1,0,0,차대사람 - 횡단중,신호위반,포장 - 젖음/습기,흐림,교차로 - 교차로안,이륜,남,83세,상해없음,보행자,여,61세,중상
2018100100100579,2018년 10월 1일 21시,월요일,충청남도 서산시 동문동,중상사고,0,1,0,0,차대사람 - 횡단중,신호위반,포장 - 건조,맑음,교차로 - 교차로안,승용,여,46세,상해없음,보행자,여,27세,중상
2018100200100116,2018년 10월 2일 08시,화요일,충청남도 서산시 동문동,중상사고,0,1,0,0,차대사람 - 기타,안전운전불이행,포장 - 건조,맑음,교차로 - 교차로안,화물,남,51세,상해없음,보행자,여,41세,중상
2018100200100161,2018년 10월 2일 09시,화요일,충청남도 천안시 동남구 풍세면,경상사고,0,0,1,0,차대사람 - 횡단중,안전운전불이행,포장 - 건조,맑음,단일로 - 기타,승용,남,27세,상해없음,보행자,여,52세,경상
2018100200100363,2018년 10월 2일 15시,화요일,충청남도 홍성군 광천읍,경상사고,0,0,1,0,차대사람 - 횡단중,안전운전불이행,포장 - 건조,맑음,기타 - 기타,화물,남,51세,상해없음,보행자,여,78세,경상
2018100200100437,2018년 10월 2일 17시,화요일,충청남도 보령시 웅천읍,중상사고,0,1,0,0,차대사람 - 횡단중,안전운전불이행,포장 - 건조,맑음,단일로 - 기타,승용,여,53세,상해없음,보행자,남,13세,중상
2018100200100484,2018년 10월 2일 18시,화요일,충청남도 천안시 서북구 성정동,경상사고,0,0,1,0,차대사람 - 기타,보행자보호의무위반,포장 - 건조,맑음,교차로 - 교차로안,승용,여,53세,상해없음,보행자,남,6세,경상
2018100200100543,2018년 10월 2일 19시,화요일,충청남도 보령시 동대동,중상사고,0,1,0,0,차대사람 - 횡단중,보행자보호의무위반,포장 - 건조,맑음,단일로 - 기타,화물,남,44세,상해없음,보행자,남,12세,중상
2018100200100545,2018년 10월 2일 19시,화요일,충청남도 천안시 서북구 쌍용동,중상사고,0,1,0,0,차대사람 - 횡단중,안전운전불이행,포장 - 건조,맑음,단일로 - 기타,승용,남,37세,상해없음,보행자,남,69세,중상
2018100200100597,2018년 10월 2일 20시,화요일,충청남도 아산시 염치읍,중상사고,0,1,0,0,차대사람 - 기타,안전운전불이행,포장 - 건조,맑음,단일로 - 기타,승용,남,54세,상해없음,보행자,남,61세,중상
2018100300100207,2018년 10월 3일 11시,수요일,충청남도 당진시 합덕읍,중상사고,0,1,0,0,차대사람 - 기타,보행자보호의무위반,포장 - 건조,맑음,교차로 - 교차로횡단보도내,승용,남,65세,상해없음,보행자,남,85세,중상
2018100300100263,2018년 10월 3일 13시,수요일,충청남도 아산시 배방읍,중상사고,0,1,2,0,차대사람 - 횡단중,신호위반,포장 - 건조,맑음,기타 - 기타,화물,남,55세,상해없음,보행자,여,49세,중상
2018100300100306,2018년 10월 3일 14시,수요일,충청남도 부여군 부여읍,중상사고,0,1,0,0,차대사람 - 횡단중,보행자보호의무위반,포장 - 건조,맑음,단일로 - 기타,승용,남,50세,상해없음,보행자,남,24세,중상
2018100300100455,2018년 10월 3일 18시,수요일,충청남도 아산시 용화동,경상사고,0,0,1,1,차대사람 - 기타,안전운전불이행,포장 - 건조,맑음,단일로 - 기타,기타불명,기타불명,미분류,기타불명,보행자,여,10세,경상
2018100300100556,2018년 10월 3일 22시,수요일,충청남도 서산시 고북면,사망사고,1,0,0,0,차대사람 - 횡단중,과속,포장 - 건조,맑음,단일로 - 기타,승용,남,35세,상해없음,보행자,남,50세,사망
2018100400100061,2018년 10월 4일 06시,목요일,충청남도 논산시 연산면,사망사고,1,0,0,0,차대사람 - 횡단중,안전운전불이행,포장 - 건조,맑음,교차로 - 교차로부근,승용,남,54세,상해없음,보행자,여,79세,사망
2018100400100116,2018년 10월 4일 08시,목요일,충청남도 홍성군 광천읍,중상사고,0,1,0,0,차대사람 - 기타,안전운전불이행,포장 - 건조,맑음,단일로 - 기타,승용,여,58세,상해없음,보행자,여,18세,중상
2018100400100222,2018년 10월 4일 10시,목요일,충청남도 예산군 예산읍,중상사고,0,1,0,0,차대사람 - 횡단중,보행자보호의무위반,포장 - 건조,맑음,교차로 - 교차로횡단보도내,승합,남,50세,상해없음,보행자,여,74세,중상
2018100400100223,2018년 10월 4일 10시,목요일,충청남도 당진시 읍내리,중상사고,0,1,0,0,차대사람 - 횡단중,안전운전불이행,포장 - 건조,맑음,교차로 - 교차로부근,화물,남,51세,상해없음,보행자,여,78세,중상
2018100400100321,2018년 10월 4일 13시,목요일,충청남도 당진시 읍내리,중상사고,0,1,0,0,차대사람 - 횡단중,보행자보호의무위반,포장 - 건조,맑음,교차로 - 교차로횡단보도내,승용,여,61세,상해없음,보행자,여,78세,중상
2018100400100392,2018년 10월 4일 15시,목요일,충청남도 홍성군 홍성읍,경상사고,0,0,1,0,차대사람 - 기타,안전운전불이행,포장 - 건조,맑음,단일로 - 기타,승용,남,19세,상해없음,보행자,남,20세,경상
2018100500100032,2018년 10월 5일 02시,금요일,충청남도 천안시 서북구 불당동,경상사고,0,0,1,0,차대사람 - 기타,안전운전불이행,포장 - 건조,맑음,교차로 - 교차로안,승용,남,58세,상해없음,보행자,남,38세,경상
2018100500100078,2018년 10월 5일 06시,금요일,충청남도 천안시 동남구 영성동,중상사고,0,1,0,0,차대사람 - 횡단중,신호위반,포장 - 젖음/습기,비,단일로 - 기타,승용,남,52세,상해없음,보행자,여,62세,중상
2018100500100504,2018년 10월 5일 17시,금요일,충청남도 공주시 산성동,중상사고,0,1,0,0,차대사람 - 횡단중,보행자보호의무위반,포장 - 젖음/습기,비,교차로 - 교차로안,승용,남,59세,상해없음,보행자,여,66세,중상
2018100500100579,2018년 10월 5일 18시,금요일,충청남도 서산시 읍내동,경상사고,0,0,1,0,차대사람 - 횡단중,보행자보호의무위반,포장 - 젖음/습기,비,교차로 - 교차로횡단보도내,승용,여,38세,상해없음,보행자,여,34세,경상
2018100500100768,2018년 10월 5일 21시,금요일,충청남도 천안시 동남구 대흥동,경상사고,0,0,1,0,차대사람 - 횡단중,보행자보호의무위반,포장 - 젖음/습기,비,단일로 - 기타,승용,남,62세,상해없음,보행자,남,41세,경상
2018100500100814,2018년 10월 5일 22시,금요일,충청남도 천안시 서북구 쌍용동,중상사고,0,1,0,0,차대사람 - 횡단중,보행자보호의무위반,포장 - 건조,맑음,단일로 - 기타,승용,남,48세,상해없음,보행자,남,47세,중상
2018100600100093,2018년 10월 6일 02시,토요일,충청남도 천안시 서북구 두정동,경상사고,0,0,2,0,차대사람 - 횡단중,보행자보호의무위반,포장 - 젖음/습기,비,교차로 - 교차로횡단보도내,승용,남,60세,상해없음,보행자,남,23세,경상
2018100600100211,2018년 10월 6일 08시,토요일,충청남도 금산군 금산읍,사망사고,1,0,0,0,차대사람 - 기타,안전운전불이행,포장 - 젖음/습기,비,교차로 - 교차로안,화물,남,63세,상해없음,보행자,여,75세,사망
2018100600100297,2018년 10월 6일 11시,토요일,충청남도 부여군 외산면,중상사고,0,1,0,0,차대사람 - 기타,안전운전불이행,포장 - 젖음/습기,비,단일로 - 기타,화물,남,57세,상해없음,보행자,여,83세,중상
2018100600100328,2018년 10월 6일 12시,토요일,충청남도 천안시 서북구 쌍용동,경상사고,0,0,1,0,차대사람 - 기타,안전운전불이행,포장 - 젖음/습기,비,단일로 - 기타,승용,남,31세,상해없음,보행자,남,38세,경상
2018100600100329,2018년 10월 6일 12시,토요일,충청남도 부여군 홍산면,경상사고,0,0,1,0,차대사람 - 기타,안전운전불이행,포장 - 젖음/습기,흐림,단일로 - 기타,승용,남,67세,상해없음,보행자,여,55세,경상
2018100600100479,2018년 10월 6일 17시,토요일,충청남도 금산군 금산읍,경상사고,0,0,1,0,차대사람 - 횡단중,신호위반,포장 - 건조,맑음,교차로 - 교차로횡단보도내,승용,남,55세,상해없음,보행자,여,67세,경상
2018100700100028,2018년 10월 7일 01시,일요일,충청남도 천안시 서북구 두정동,중상사고,0,1,1,0,차대사람 - 기타,안전운전불이행,포장 - 건조,맑음,교차로 - 교차로안,승용,남,28세,상해없음,보행자,여,25세,중상
2018100700100274,2018년 10월 7일 14시,일요일,충청남도 태안군 안면읍,경상사고,0,0,1,0,차대사람 - 기타,안전운전불이행,포장 - 건조,맑음,기타 - 기타,승용,남,47세,상해없음,보행자,남,6세,경상
2018100700100477,2018년 10월 7일 19시,일요일,충청남도 천안시 서북구 성거읍,중상사고,0,1,0,0,차대사람 - 기타,안전운전불이행,포장 - 건조,맑음,단일로 - 기타,승용,남,42세,상해없음,보행자,남,11세,중상
2018100700100478,2018년 10월 7일 19시,일요일,충청남도 당진시 송악읍,경상사고,0,0,1,0,차대사람 - 보도통행중,보행자보호의무위반,포장 - 건조,맑음,교차로 - 교차로횡단보도내,승용,남,19세,상해없음,보행자,남,22세,경상
2018100700100511,2018년 10월 7일 20시,일요일,충청남도 홍성군 홍성읍,경상사고,0,0,1,0,차대사람 - 기타,안전운전불이행,포장 - 건조,맑음,단일로 - 기타,승용,남,62세,상해없음,보행자,남,54세,경상
2018100800100014,2018년 10월 8일 01시,월요일,충청남도 천안시 동남구 신방동,중상사고,0,1,0,0,차대사람 - 기타,안전운전불이행,포장 - 건조,맑음,단일로 - 기타,승용,남,39세,상해없음,보행자,남,38세,중상
2018100800100178,2018년 10월 8일 10시,월요일,충청남도 당진시 신평면,중상사고,0,1,0,0,차대사람 - 길가장자리구역통행중,안전운전불이행,포장 - 건조,맑음,단일로 - 기타,화물,남,65세,상해없음,보행자,여,50세,중상
2018100800100224,2018년 10월 8일 11시,월요일,충청남도 논산시 내동,경상사고,0,0,2,0,차대사람 - 횡단중,보행자보호의무위반,포장 - 건조,맑음,단일로 - 기타,이륜,남,15세,경상,보행자,남,67세,경상
2018100800100413,2018년 10월 8일 16시,월요일,충청남도 금산군 추부면,중상사고,0,1,0,0,차대사람 - 횡단중,교차로운행방법위반,포장 - 건조,맑음,교차로 - 교차로안,승합,여,41세,상해없음,보행자,여,80세,중상
2018100800100505,2018년 10월 8일 18시,월요일,충청남도 보령시 대천동,경상사고,0,0,1,0,차대사람 - 횡단중,보행자보호의무위반,포장 - 건조,맑음,교차로 - 교차로횡단보도내,승용,여,61세,상해없음,보행자,여,28세,경상
2018100800100507,2018년 10월 8일 18시,월요일,충청남도 당진시 순성면,사망사고,1,0,0,0,차대사람 - 횡단중,안전운전불이행,포장 - 건조,맑음,단일로 - 기타,승용,남,60세,상해없음,보행자,여,75세,사망
2018100900100029,2018년 10월 9일 01시,화요일,충청남도 천안시 서북구 두정동,중상사고,0,1,0,0,차대사람 - 기타,안전운전불이행,포장 - 건조,맑음,단일로 - 기타,승용,남,42세,상해없음,보행자,여,84세,중상
2018100900100218,2018년 10월 9일 12시,화요일,충청남도 천안시 동남구 목천읍,중상사고,0,1,0,0,차대사람 - 차도통행중,안전운전불이행,포장 - 건조,맑음,단일로 - 기타,승합,남,58세,상해없음,보행자,남,63세,중상
2018100900100267,2018년 10월 9일 14시,화요일,충청남도 보령시 천북면,중상사고,0,1,0,0,차대사람 - 횡단중,안전운전불이행,포장 - 건조,맑음,단일로 - 기타,승용,남,42세,상해없음,보행자,남,30세,중상
2018100900100315,2018년 10월 9일 16시,화요일,충청남도 보령시 동대동,경상사고,0,0,1,0,차대사람 - 횡단중,안전운전불이행,포장 - 건조,맑음,단일로 - 기타,승용,남,64세,기타불명,보행자,여,8세,경상
2018100900100450,2018년 10월 9일 20시,화요일,충청남도 서산시 예천동,중상사고,0,1,0,0,차대사람 - 횡단중,안전운전불이행,포장 - 건조,맑음,교차로 - 교차로횡단보도내,승용,남,28세,상해없음,보행자,남,14세,중상
2018101000100036,2018년 10월 10일 05시,수요일,충청남도 천안시 서북구 쌍용동,경상사고,0,0,1,0,차대사람 - 횡단중,안전운전불이행,포장 - 건조,맑음,교차로 - 교차로부근,승용,남,56세,상해없음,보행자,남,47세,경상
2018101000100093,2018년 10월 10일 08시,수요일,충청남도 천안시 동남구 목천읍,중상사고,0,1,0,0,차대사람 - 차도통행중,안전운전불이행,포장 - 건조,맑음,단일로 - 기타,승용,남,46세,상해없음,보행자,남,6세,중상
2018101000100147,2018년 10월 10일 10시,수요일,충청남도 서산시 운산면,부상신고사고,0,0,0,1,차대사람 - 기타,안전운전불이행,포장 - 건조,맑음,단일로 - 기타,승용,남,50세,상해없음,보행자,여,80세,부상신고
2018101000100309,2018년 10월 10일 15시,수요일,충청남도 당진시 읍내리,경상사고,0,0,1,0,차대사람 - 횡단중,보행자보호의무위반,포장 - 건조,맑음,기타 - 기타,화물,남,49세,상해없음,보행자,여,42세,경상
2018101000100310,2018년 10월 10일 15시,수요일,충청남도 천안시 동남구 원성동,중상사고,0,1,0,0,차대사람 - 기타,안전운전불이행,포장 - 건조,맑음,단일로 - 기타,이륜,남,34세,상해없음,보행자,남,13세,중상
2018101000100427,2018년 10월 10일 18시,수요일,충청남도 논산시 연무읍,사망사고,1,0,0,0,차대사람 - 횡단중,안전운전불이행,포장 - 건조,맑음,단일로 - 기타,승용,남,51세,상해없음,보행자,여,81세,사망
2018101100100147,2018년 10월 11일 09시,목요일,충청남도 천안시 동남구 안서동,중상사고,0,1,0,0,차대사람 - 횡단중,안전운전불이행,포장 - 건조,맑음,교차로 - 교차로부근,개인형이동수단(PM),남,23세,상해없음,보행자,여,64세,중상
2018101100100246,2018년 10월 11일 12시,목요일,충청남도 공주시 이인면,경상사고,0,0,1,0,차대사람 - 기타,안전운전불이행,포장 - 건조,맑음,기타 - 기타,화물,남,28세,상해없음,보행자,남,60세,경상
2018101100100463,2018년 10월 11일 18시,목요일,충청남도 논산시 내동,중상사고,0,1,0,0,차대사람 - 횡단중,안전운전불이행,포장 - 건조,맑음,단일로 - 기타,승용,여,55세,상해없음,보행자,여,79세,중상
2018101200100124,2018년 10월 12일 08시,금요일,충청남도 천안시 서북구 성정동,경상사고,0,0,1,0,차대사람 - 기타,안전운전불이행,포장 - 건조,맑음,교차로 - 교차로안,승용,남,27세,상해없음,보행자,여,27세,경상
2018101200100264,2018년 10월 12일 12시,금요일,충청남도 공주시 반죽동,중상사고,0,1,0,0,차대사람 - 기타,안전운전불이행,포장 - 건조,맑음,기타 - 기타,승용,남,51세,상해없음,보행자,여,82세,중상
2018101200100301,2018년 10월 12일 13시,금요일,충청남도 천안시 서북구 직산읍,경상사고,0,0,1,0,차대사람 - 기타,안전운전불이행,포장 - 건조,맑음,단일로 - 기타,승용,남,27세,상해없음,보행자,남,25세,경상