사고번호,사고일시,요일,시군구,사고내용,사망자수,중상자수,경상자수,부상신고자수,사고유형,법규위반,노면상태,기상상태,도로형태,가해운전자 차종,가해운전자 성별,가해운전자 연령,가해운전자 상해정도,피해운전자 차종,피해운전자 성별,피해운전자 연령,피해운전자 상해정도
2019050400100171,2019년 5월 4일 09시,토요일,충청남도 예산군 예산읍,부상신고사고,0,0,0,1,차대사람 - 기타,안전운전불이행,포장 - 건조,맑음,기타 - 기타,자전거,남,69세,상해없음,보행자,남,19세,부상신고
2019050400100374,2019년 5월 4일 14시,토요일,충청남도 보령시 웅천읍,중상사고,0,1,0,0,차대사람 - 횡단중,안전운전불이행,포장 - 건조,맑음,단일로 - 기타,화물,남,60세,상해없음,보행자,남,48세,중상
2019050400100636,2019년 5월 4일 21시,토요일,충청남도 당진시 채운동,경상사고,0,0,1,0,차대사람 - 차도통행중,기타,포장 - 건조,맑음,교차로 - 교차로부근,승용,남,26세,상해없음,보행자,남,55세,경상
2019050500100210,2019년 5월 5일 12시,일요일,충청남도 논산시 화지동,중상사고,0,1,0,0,차대사람 - 차도통행중,안전운전불이행,포장 - 건조,맑음,단일로 - 기타,자전거,기타불명,미분류,기타불명,보행자,여,66세,중상
2019050500100254,2019년 5월 5일 13시,일요일,충청남도 아산시 풍기동,경상사고,0,0,1,0,차대사람 - 횡단중,보행자보호의무위반,포장 - 건조,맑음,교차로 - 교차로횡단보도내,이륜,남,67세,기타불명,보행자,남,5세,경상
2019050500100256,2019년 5월 5일 13시,일요일,충청남도 태안군 근흥면,경상사고,0,0,2,1,차대사람 - 기타,안전운전불이행,포장 - 건조,맑음,단일로 - 기타,승용,남,64세,상해없음,보행자,남,37세,경상
2019050500100386,2019년 5월 5일 16시,일요일,충청남도 당진시 신평면,중상사고,0,1,0,0,차대사람 - 보도통행중,안전운전불이행,포장 - 건조,맑음,단일로 - 기타,승용,남,46세,상해없음,보행자,여,56세,중상
2019050500100387,2019년 5월 5일 16시,일요일,충청남도 당진시 신평면,경상사고,0,0,1,0,차대사람 - 차도통행중,안전운전불이행,포장 - 건조,맑음,단일로 - 기타,승용,남,44세,상해없음,보행자,남,61세,경상
2019050500100457,2019년 5월 5일 18시,일요일,충청남도 서산시 해미면,부상신고사고,0,0,0,1,차대사람 - 기타,안전운전불이행,포장 - 건조,맑음,교차로 - 교차로부근,기타불명,기타불명,미분류,기타불명,보행자,여,45세,부상신고
2019050500100557,2019년 5월 5일 21시,일요일,충청남도 보령시 대천동,중상사고,0,1,0,0,차대사람 - 기타,신호위반,포장 - 건조,맑음,단일로 - 교량,이륜,남,45세,상해없음,보행자,남,61세,중상
2019050600100078,2019년 5월 6일 04시,월요일,충청남도 천안시 동남구 신부동,중상사고,0,1,0,0,차대사람 - 기타,안전운전불이행,포장 - 건조,맑음,단일로 - 기타,승용,남,52세,상해없음,보행자,여,23세,중상
2019050600100293,2019년 5월 6일 14시,월요일,충청남도 보령시 신흑동,경상사고,0,0,1,0,차대사람 - 횡단중,안전운전불이행,포장 - 건조,맑음,단일로 - 기타,원동기,여,16세,기타불명,보행자,여,20세,경상
2019050600100466,2019년 5월 6일 18시,월요일,충청남도 천안시 서북구 쌍용동,중상사고,0,1,1,0,차대사람 - 횡단중,보행자보호의무위반,포장 - 건조,맑음,교차로 - 교차로안,화물,남,47세,상해없음,보행자,여,29세,경상
2019050600100534,2019년 5월 6일 20시,월요일,충청남도 당진시 채운동,중상사고,0,1,0,0,차대사람 - 기타,안전운전불이행,포장 - 건조,맑음,교차로 - 교차로안,특수,남,41세,상해없음,보행자,여,73세,중상
2019050700100194,2019년 5월 7일 09시,화요일,충청남도 천안시 동남구 원성동,중상사고,0,1,0,0,차대사람 - 횡단중,신호위반,포장 - 건조,맑음,교차로 - 교차로횡단보도내,승용,남,75세,상해없음,보행자,여,68세,중상
2019050700100236,2019년 5월 7일 10시,화요일,충청남도 보령시 동대동,경상사고,0,0,1,0,차대사람 - 횡단중,기타,포장 - 건조,맑음,기타 - 기타,승용,남,61세,상해없음,보행자,여,37세,경상
2019050700100353,2019년 5월 7일 13시,화요일,충청남도 부여군 홍산면,중상사고,0,1,0,0,차대사람 - 기타,안전운전불이행,포장 - 건조,맑음,단일로 - 기타,화물,남,65세,상해없음,보행자,여,88세,중상
2019050700100432,2019년 5월 7일 15시,화요일,충청남도 부여군 부여읍,경상사고,0,0,1,0,차대사람 - 횡단중,보행자보호의무위반,포장 - 건조,맑음,교차로 - 교차로부근,승용,여,37세,상해없음,보행자,남,8세,경상
2019050700100688,2019년 5월 7일 21시,화요일,충청남도 천안시 동남구 신부동,경상사고,0,0,1,0,차대사람 - 기타,안전운전불이행,포장 - 건조,맑음,단일로 - 기타,승용,남,48세,상해없음,보행자,여,31세,경상
2019050800100226,2019년 5월 8일 10시,수요일,충청남도 천안시 서북구 불당동,경상사고,0,0,1,0,차대사람 - 횡단중,신호위반,포장 - 건조,맑음,교차로 - 교차로부근,승용,여,41세,상해없음,보행자,여,26세,경상
2019050800100261,2019년 5월 8일 11시,수요일,충청남도 당진시 채운동,중상사고,0,1,0,0,차대사람 - 횡단중,보행자보호의무위반,포장 - 건조,맑음,교차로 - 교차로횡단보도내,승용,여,66세,상해없음,보행자,남,80세,중상
2019050800100490,2019년 5월 8일 17시,수요일,충청남도 아산시 배미동,중상사고,0,1,0,0,차대사람 - 기타,안전운전불이행,포장 - 건조,맑음,주차장 - 주차장,승용,여,43세,상해없음,보행자,여,4세,중상
2019050800100540,2019년 5월 8일 18시,수요일,충청남도 논산시 내동,경상사고,0,0,1,0,차대사람 - 횡단중,안전운전불이행,포장 - 건조,맑음,교차로 - 교차로횡단보도내,승용,남,75세,상해없음,보행자,여,17세,경상
2019050800100624,2019년 5월 8일 20시,수요일,충청남도 논산시 대교동,중상사고,0,1,0,0,차대사람 - 횡단중,안전운전불이행,포장 - 건조,맑음,교차로 - 교차로안,화물,남,47세,상해없음,보행자,여,50세,중상
2019050800100626,2019년 5월 8일 20시,수요일,충청남도 아산시 온천동,중상사고,0,1,0,0,차대사람 - 기타,안전운전불이행,포장 - 건조,맑음,교차로 - 교차로부근,승용,남,28세,상해없음,보행자,남,42세,중상
2019050800100685,2019년 5월 8일 22시,수요일,충청남도 아산시 용화동,중상사고,0,1,0,0,차대사람 - 길가장자리구역통행중,안전운전불이행,포장 - 건조,맑음,교차로 - 교차로부근,승용,남,41세,기타불명,보행자,남,46세,중상
2019050900100466,2019년 5월 9일 17시,목요일,충청남도 서산시 양대동,경상사고,0,0,1,0,차대사람 - 기타,안전운전불이행,포장 - 건조,맑음,주차장 - 주차장,승용,남,54세,기타불명,보행자,남,1세,경상
2019050900100526,2019년 5월 9일 18시,목요일,충청남도 천안시 서북구 쌍용동,경상사고,0,0,1,0,차대사람 - 횡단중,안전운전불이행,포장 - 건조,맑음,단일로 - 기타,승용,남,39세,상해없음,보행자,여,8세,경상
2019050900100589,2019년 5월 9일 20시,목요일,충청남도 천안시 동남구 신부동,경상사고,0,0,1,0,차대사람 - 기타,안전운전불이행,포장 - 건조,맑음,기타 - 기타,승합,남,50세,상해없음,보행자,남,61세,경상
2019051000100231,2019년 5월 10일 10시,금요일,충청남도 서산시 동문동,중상사고,0,1,0,0,차대사람 - 기타,보행자보호의무위반,포장 - 건조,맑음,주차장 - 주차장,승용,여,55세,상해없음,보행자,여,52세,중상
2019051000100423,2019년 5월 10일 15시,금요일,충청남도 아산시 온천동,중상사고,0,1,0,0,차대사람 - 기타,중앙선침범,포장 - 기타,맑음,단일로 - 기타,승용,여,39세,상해없음,보행자,여,23세,중상
2019051000100649,2019년 5월 10일 20시,금요일,충청남도 청양군 목면,사망사고,1,0,0,0,차대사람 - 횡단중,과속,포장 - 건조,맑음,단일로 - 기타,승용,남,42세,상해없음,보행자,여,87세,사망
2019051100100120,2019년 5월 11일 06시,토요일,충청남도 홍성군 홍성읍,중상사고,0,1,0,0,차대사람 - 횡단중,안전운전불이행,포장 - 건조,맑음,단일로 - 기타,화물,남,66세,상해없음,보행자,여,78세,중상
2019051100100154,2019년 5월 11일 08시,토요일,충청남도 아산시 음봉면,경상사고,0,0,1,0,차대사람 - 기타,안전운전불이행,포장 - 건조,맑음,교차로 - 교차로안,승용,남,41세,상해없음,보행자,남,37세,경상
2019051100100265,2019년 5월 11일 11시,토요일,충청남도 서천군 서천읍,중상사고,0,1,0,0,차대사람 - 횡단중,안전운전불이행,포장 - 건조,맑음,교차로 - 교차로안,승용,여,30세,상해없음,보행자,남,84세,중상
2019051100100266,2019년 5월 11일 11시,토요일,충청남도 예산군 예산읍,중상사고,0,1,0,0,차대사람 - 기타,안전운전불이행,포장 - 건조,맑음,주차장 - 주차장,화물,남,71세,상해없음,보행자,남,84세,중상
2019051100100315,2019년 5월 11일 12시,토요일,충청남도 아산시 음봉면,중상사고,0,1,0,0,차대사람 - 횡단중,신호위반,포장 - 건조,맑음,교차로 - 교차로안,건설기계,남,56세,상해없음,보행자,여,9세,중상
2019051100100364,2019년 5월 11일 13시,토요일,충청남도 태안군 이원면,중상사고,0,1,0,0,차대사람 - 기타,기타,포장 - 건조,맑음,단일로 - 기타,승합,남,40세,상해없음,보행자,여,78세,중상
2019051100100414,2019년 5월 11일 14시,토요일,충청남도 서천군 서천읍,중상사고,0,1,0,0,차대사람 - 횡단중,안전운전불이행,포장 - 건조,맑음,단일로 - 기타,원동기,남,54세,상해없음,보행자,남,51세,중상
2019051200100030,2019년 5월 12일 00시,일요일,충청남도 천안시 서북구 두정동,경상사고,0,0,1,0,차대사람 - 횡단중,안전운전불이행,포장 - 건조,맑음,교차로 - 교차로부근,승용,남,25세,상해없음,보행자,남,26세,경상
2019051200100234,2019년 5월 12일 12시,일요일,충청남도 공주시 반포면,경상사고,0,0,1,0,차대사람 - 길가장자리구역통행중,안전운전불이행,포장 - 건조,맑음,교차로 - 교차로부근,승용,여,24세,상해없음,보행자,남,78세,경상
2019051200100520,2019년 5월 12일 21시,일요일,충청남도 아산시 모종동,경상사고,0,0,1,0,차대사람 - 기타,안전운전불이행,포장 - 건조,맑음,교차로 - 교차로부근,승용,여,45세,상해없음,보행자,남,47세,경상
2019051300100093,2019년 5월 13일 07시,월요일,충청남도 공주시 유구읍,경상사고,0,0,1,0,차대사람 - 기타,안전운전불이행,포장 - 건조,맑음,단일로 - 기타,화물,남,64세,상해없음,보행자,남,80세,경상
2019051300100242,2019년 5월 13일 11시,월요일,충청남도 서산시 부석면,중상사고,0,1,0,0,차대사람 - 기타,안전운전불이행,포장 - 건조,맑음,단일로 - 기타,화물,남,49세,상해없음,보행자,남,57세,중상
2019051300100386,2019년 5월 13일 15시,월요일,충청남도 공주시 신관동,중상사고,0,1,0,0,차대사람 - 횡단중,보행자보호의무위반,포장 - 건조,맑음,교차로 - 교차로횡단보도내,승용,남,24세,상해없음,보행자,남,77세,중상
2019051300100450,2019년 5월 13일 17시,월요일,충청남도 아산시 풍기동,경상사고,0,0,1,0,차대사람 - 횡단중,신호위반,포장 - 건조,맑음,단일로 - 기타,승용,남,42세,상해없음,보행자,남,12세,경상
2019051300100620,2019년 5월 13일 22시,월요일,충청남도 아산시 좌부동,사망사고,1,0,0,0,차대사람 - 차도통행중,안전운전불이행,포장 - 건조,맑음,단일로 - 기타,승용,남,45세,상해없음,보행자,여,56세,사망
2019051400100264,2019년 5월 14일 12시,화요일,충청남도 당진시 읍내리,중상사고,0,1,0,0,차대사람 - 차도통행중,안전운전불이행,포장 - 건조,맑음,교차로 - 교차로안,화물,남,25세,상해없음,보행자,남,82세,중상
2019051400100560,2019년 5월 14일 19시,화요일,충청남도 홍성군 광천읍,사망사고,1,0,0,0,차대사람 - 횡단중,안전운전불이행,포장 - 건조,맑음,단일로 - 기타,승용,남,61세,상해없음,보행자,여,85세,사망
2019051500100259,2019년 5월 15일 11시,수요일,충청남도 천안시 서북구 두정동,중상사고,0,1,0,0,차대사람 - 횡단중,보행자보호의무위반,포장 - 건조,맑음,교차로 - 교차로횡단보도내,승용,남,59세,상해없음,보행자,남,64세,중상
2019051500100296,2019년 5월 15일 12시,수요일,충청남도 논산시 취암동,경상사고,0,0,1,0,차대사람 - 보도통행중,보행자보호의무위반,포장 - 건조,맑음,단일로 - 기타,승용,남,32세,상해없음,보행자,여,26세,경상
2019051500100297,2019년 5월 15일 12시,수요일,충청남도 아산시 온천동,경상사고,0,0,1,0,차대사람 - 기타,안전운전불이행,포장 - 기타,맑음,기타 - 기타,기타불명,기타불명,미분류,기타불명,보행자,여,84세,경상
2019051500100372,2019년 5월 15일 14시,수요일,충청남도 당진시 신평면,중상사고,0,1,0,0,차대사람 - 기타,안전운전불이행,포장 - 건조,맑음,단일로 - 기타,승합,남,52세,상해없음,보행자,여,85세,중상
2019051500100417,2019년 5월 15일 15시,수요일,충청남도 당진시 읍내리,중상사고,0,1,0,0,차대사람 - 보도통행중,보행자보호의무위반,포장 - 건조,맑음,교차로 - 교차로횡단보도내,승용,여,54세,상해없음,보행자,남,36세,중상
2019051500100452,2019년 5월 15일 16시,수요일,충청남도 천안시 서북구 성거읍,경상사고,0,0,1,0,차대사람 - 길가장자리구역통행중,안전운전불이행,포장 - 건조,맑음,단일로 - 기타,승용,여,23세,상해없음,보행자,여,63세,경상
2019051500100503,2019년 5월 15일 17시,수요일,충청남도 천안시 서북구 백석동,부상신고사고,0,0,0,1,차대사람 - 횡단중,안전운전불이행,포장 - 건조,맑음,단일로 - 기타,승용,남,33세,상해없음,보행자,남,13세,부상신고
2019051500100548,2019년 5월 15일 18시,수요일,충청남도 공주시 신관동,경상사고,0,0,1,0,차대사람 - 차도통행중,안전운전불이행,포장 - 건조,맑음,단일로 - 기타,승용,남,28세,상해없음,보행자,남,51세,경상
2019051500100632,2019년 5월 15일 20시,수요일,충청남도 예산군 예산읍,중상사고,0,1,0,0,차대사람 - 보도통행중,보행자보호의무위반,포장 - 건조,맑음,단일로 - 기타,승용,여,56세,상해없음,보행자,남,36세,중상
2019051600100169,2019년 5월 16일 08시,목요일,충청남도 천안시 동남구 봉명동,중상사고,0,1,0,0,차대사람 - 기타,안전운전불이행,포장 - 건조,맑음,교차로 - 교차로안,승용,남,23세,상해없음,보행자,여,17세,중상
2019051600100461,2019년 5월 16일 16시,목요일,충청남도 아산시 배미동,경상사고,0,0,1,0,차대사람 - 횡단중,보행자보호의무위반,포장 - 건조,맑음,교차로 - 교차로부근,승용,여,41세,상해없음,보행자,여,8세,경상
2019051600100520,2019년 5월 16일 17시,목요일,충청남도 천안시 동남구 봉명동,중상사고,0,1,0,0,차대사람 - 기타,안전운전불이행,포장 - 건조,맑음,교차로 - 교차로부근,승용,여,41세,상해없음,보행자,여,82세,중상
2019051600100700,2019년 5월 16일 22시,목요일,충청남도 공주시 신관동,중상사고,0,1,0,0,차대사람 - 기타,안전운전불이행,포장 - 건조,맑음,주차장 - 주차장,승용,여,51세,상해없음,보행자,여,14세,중상
2019051700100038,2019년 5월 17일 01시,금요일,충청남도 당진시 채운동,중상사고,0,1,0,0,차대사람 - 횡단중,보행자보호의무위반,포장 - 건조,맑음,교차로 - 교차로횡단보도내,승용,남,65세,상해없음,보행자,남,66세,중상
2019051700100213,2019년 5월 17일 10시,금요일,충청남도 서산시 동문동,경상사고,0,0,1,0,차대사람 - 기타,안전운전불이행,포장 - 건조,맑음,단일로 - 기타,승용,여,52세,상해없음,보행자,여,64세,경상
2019051700100214,2019년 5월 17일 10시,금요일,충청남도 아산시 신창면,중상사고,0,1,0,0,차대사람 - 기타,안전운전불이행,포장 - 건조,맑음,기타 - 기타,건설기계,남,46세,상해없음,보행자,여,59세,중상
2019051700100308,2019년 5월 17일 13시,금요일,충청남도 천안시 동남구 사직동,경상사고,0,0,1,0,차대사람 - 기타,안전운전불이행,포장 - 건조,맑음,단일로 - 기타,승용,여,51세,상해없음,보행자,여,55세,경상
2019051700100471,2019년 5월 17일 17시,금요일,충청남도 천안시 서북구 두정동,경상사고,0,0,1,0,차대사람 - 기타,안전운전불이행,포장 - 건조,맑음,교차로 - 교차로안,승용,남,26세,상해없음,보행자,여,4세,경상
2019051700100652,2019년 5월 17일 21시,금요일,충청남도 당진시 석문면,중상사고,0,1,0,0,차대사람 - 차도통행중,안전운전불이행,비포장 - 건조,맑음,단일로 - 기타,승용,남,58세,상해없음,보행자,남,57세,중상
2019051800100039,2019년 5월 18일 00시,토요일,충청남도 천안시 서북구 성정동,경상사고,0,0,1,0,차대사람 - 기타,안전운전불이행,포장 - 건조,맑음,교차로 - 교차로횡단보도내,화물,남,28세,상해없음,보행자,남,55세,경상
2019051800100073,2019년 5월 18일 01시,토요일,충청남도 천안시 서북구 두정동,중상사고,0,1,0,0,차대사람 - 차도통행중,안전운전불이행,포장 - 건조,맑음,교차로 - 교차로안,승용,남,33세,상해없음,보행자,여,31세,중상
2019051800100159,2019년 5월 18일 07시,토요일,충청남도 아산시 둔포면,경상사고,0,0,1,0,차대사람 - 횡단중,보행자보호의무위반,포장 - 건조,맑음,단일로 - 기타,승용,남,43세,상해없음,보행자,남,30세,경상
2019051800100234,2019년 5월 18일 10시,토요일,충청남도 서산시 동문동,경상사고,0,0,1,0,차대사람 - 차도통행중,안전운전불이행,포장 - 건조,흐림,교차로 - 교차로부근,승용,남,32세,상해없음,보행자,남,70세,경상
2019051800100273,2019년 5월 18일 11시,토요일,충청남도 천안시 서북구 두정동,중상사고,0,1,1,1,차대사람 - 차도통행중,중앙선침범,포장 - 건조,맑음,단일로 - 기타,승용,남,25세,상해없음,보행자,여,25세,중상
2019051800100542,2019년 5월 18일 18시,토요일,충청남도 천안시 동남구 목천읍,경상사고,0,0,1,0,차대사람 - 횡단중,안전운전불이행,포장 - 젖음/습기,흐림,단일로 - 기타,승용,여,39세,상해없음,보행자,여,17세,경상
2019051900100246,2019년 5월 19일 13시,일요일,충청남도 당진시 신평면,중상사고,0,1,0,0,차대사람 - 기타,안전운전불이행,포장 - 건조,맑음,기타 - 기타,승용,여,39세,상해없음,보행자,여,62세,중상
2019052000100168,2019년 5월 20일 09시,월요일,충청남도 예산군 예산읍,경상사고,0,0,1,0,차대사람 - 횡단중,안전운전불이행,포장 - 건조,맑음,교차로 - 교차로부근,화물,남,66세,상해없음,보행자,여,60세,경상
2019052000100384,2019년 5월 20일 15시,월요일,충청남도 천안시 서북구 백석동,경상사고,0,0,1,0,차대사람 - 기타,안전운전불이행,포장 - 건조,맑음,단일로 - 기타,승합,남,53세,상해없음,보행자,여,10세,경상
2019052000100385,2019년 5월 20일 15시,월요일,충청남도 아산시 배방읍,경상사고,0,0,1,0,차대사람 - 횡단중,보행자보호의무위반,포장 - 건조,맑음,교차로 - 교차로안,승합,남,49세,상해없음,보행자,여,15세,경상
2019052000100546,2019년 5월 20일 18시,월요일,충청남도 보령시 궁촌동,경상사고,0,0,1,0,차대사람 - 횡단중,안전운전불이행,포장 - 건조,맑음,단일로 - 기타,승용,여,45세,상해없음,보행자,남,21세,경상
2019052000100674,2019년 5월 20일 22시,월요일,충청남도 천안시 서북구 성정동,경상사고,0,0,1,0,차대사람 - 횡단중,안전운전불이행,포장 - 건조,맑음,교차로 - 교차로안,승용,여,46세,상해없음,보행자,여,29세,경상
2019052100100084,2019년 5월 21일 05시,화요일,충청남도 논산시 연무읍,중상사고,0,1,0,0,차대사람 - 길가장자리구역통행중,안전운전불이행,포장 - 건조,맑음,교차로 - 교차로부근,화물,남,62세,상해없음,보행자,여,86세,중상
2019052100100218,2019년 5월 21일 09시,화요일,충청남도 금산군 금산읍,경상사고,0,0,1,0,차대사람 - 횡단중,안전운전불이행,포장 - 건조,맑음,교차로 - 교차로부근,승용,남,69세,상해없음,보행자,여,59세,경상
2019052100100412,2019년 5월 21일 15시,화요일,충청남도 보령시 대천동,중상사고,0,1,0,0,차대사람 - 기타,안전운전불이행,포장 - 건조,맑음,주차장 - 주차장,승용,여,62세,상해없음,보행자,여,88세,중상
2019052200100168,2019년 5월 22일 08시,수요일,충청남도 천안시 서북구 와촌동,경상사고,0,0,1,0,차대사람 - 횡단중,보행자보호의무위반,포장 - 건조,맑음,교차로 - 교차로횡단보도내,승용,남,39세,상해없음,보행자,남,63세,경상
2019052200100307,2019년 5월 22일 12시,수요일,충청남도 서산시 동문동,중상사고,0,1,0,0,차대사람 - 보도통행중,보행자보호의무위반,포장 - 건조,맑음,교차로 - 교차로부근,승용,남,36세,상해없음,보행자,여,68세,중상
2019052200100385,2019년 5월 22일 14시,수요일,충청남도 서산시 인지면,중상사고,0,1,0,0,차대사람 - 횡단중,신호위반,포장 - 건조,맑음,교차로 - 교차로횡단보도내,승용,남,50세,상해없음,보행자,여,9세,중상
2019052200100386,2019년 5월 22일 14시,수요일,충청남도 천안시 서북구 백석동,경상사고,0,0,1,0,차대사람 - 차도통행중,보행자보호의무위반,포장 - 건조,맑음,교차로 - 교차로안,승용,여,38세,상해없음,보행자,여,9세,경상
2019052200100457,2019년 5월 22일 16시,수요일,충청남도 공주시 월미동,중상사고,0,1,0,0,차대사람 - 기타,안전운전불이행,포장 - 건조,맑음,교차로 - 교차로안,화물,남,41세,상해없음,보행자,남,78세,중상
2019052200100510,2019년 5월 22일 17시,수요일,충청남도 천안시 동남구 구성동,중상사고,0,1,0,0,차대사람 - 횡단중,보행자보호의무위반,포장 - 건조,맑음,교차로 - 교차로안,화물,남,52세,상해없음,보행자,여,55세,중상
2019052200100634,2019년 5월 22일 20시,수요일,충청남도 홍성군 홍성읍,경상사고,0,0,1,0,차대사람 - 횡단중,보행자보호의무위반,포장 - 건조,맑음,교차로 - 교차로안,이륜,남,17세,상해없음,보행자,남,35세,경상
2019052300100163,2019년 5월 23일 08시,목요일,충청남도 아산시 배방읍,중상사고,0,1,0,0,차대사람 - 기타,보행자보호의무위반,포장 - 기타,맑음,교차로 - 교차로횡단보도내,승용,남,41세,상해없음,보행자,여,9세,중상
2019052300100229,2019년 5월 23일 10시,목요일,충청남도 예산군 덕산면,중상사고,0,1,0,0,차대사람 - 기타,안전운전불이행,포장 - 건조,맑음,기타 - 기타,승합,남,55세,상해없음,보행자,여,76세,중상
2019052300100374,2019년 5월 23일 14시,목요일,충청남도 아산시 배방읍,중상사고,0,1,0,0,차대사람 - 기타,안전운전불이행,포장 - 건조,맑음,교차로 - 교차로부근,승용,남,42세,상해없음,보행자,남,23세,중상
2019052300100661,2019년 5월 23일 21시,목요일,충청남도 보령시 동대동,중상사고,0,1,0,0,차대사람 - 기타,안전운전불이행,포장 - 건조,맑음,교차로 - 교차로부근,화물,남,59세,상해없음,보행자,여,49세,중상
2019052400100260,2019년 5월 24일 11시,금요일,충청남도 천안시 동남구 사직동,경상사고,0,0,1,0,차대사람 - 차도통행중,안전운전불이행,포장 - 건조,맑음,단일로 - 기타,화물,남,27세,상해없음,보행자,남,54세,경상
2019052400100344,2019년 5월 24일 13시,금요일,충청남도 부여군 석성면,중상사고,0,1,0,0,차대사람 - 기타,안전운전불이행,포장 - 건조,맑음,단일로 - 기타,화물,남,30세,상해없음,보행자,여,77세,중상
2019052400100430,2019년 5월 24일 15시,금요일,충청남도 부여군 부여읍,중상사고,0,1,0,0,차대사람 - 횡단중,신호위반,포장 - 건조,맑음,단일로 - 기타,승용,여,68세,상해없음,보행자,남,9세,중상
2019052400100540,2019년 5월 24일 17시,금요일,충청남도 부여군 규암면,경상사고,0,0,1,0,차대사람 - 횡단중,안전운전불이행,포장 - 건조,맑음,단일로 - 기타,승용,여,33세,상해없음,보행자,남,5세,경상
2019052400100769,2019년 5월 24일 23시,금요일,충청남도 천안시 서북구 성정동,경상사고,0,0,1,0,차대사람 - 차도통행중,보행자보호의무위반,포장 - 건조,맑음,단일로 - 기타,승용,남,47세,상해없음,보행자,남,32세,경상
2019052500100182,2019년 5월 25일 09시,토요일,충청남도 공주시 금학동,경상사고,0,0,1,0,차대사람 - 횡단중,안전운전불이행,포장 - 건조,맑음,교차로 - 교차로부근,화물,남,65세,상해없음,보행자,여,59세,경상
2019052500100450,2019년 5월 25일 16시,토요일,충청남도 논산시 연무읍,중상사고,0,1,0,0,차대사람 - 기타,안전운전불이행,포장 - 건조,맑음,교차로 - 교차로안,승용,남,47세,상해없음,보행자,남,68세,중상
2019052500100491,2019년 5월 25일 17시,토요일,충청남도 금산군 금산읍,경상사고,0,0,1,0,차대사람 - 기타,안전운전불이행,포장 - 건조,맑음,단일로 - 기타,승용,여,50세,상해없음,보행자,여,90세 이상,경상
2019052500100564,2019년 5월 25일 19시,토요일,충청남도 천안시 서북구 와촌동,경상사고,0,0,1,0,차대사람 - 기타,안전운전불이행,포장 - 건조,맑음,단일로 - 기타,자전거,남,13세,상해없음,보행자,여,49세,경상
2019052500100591,2019년 5월 25일 20시,토요일,충청남도 홍성군 홍성읍,경상사고,0,0,1,0,차대사람 - 기타,안전운전불이행,포장 - 건조,맑음,단일로 - 기타,승용,여,40세,상해없음,보행자,남,44세,경상
2019052500100629,2019년 5월 25일 21시,토요일,충청남도 서산시 동문동,경상사고,0,0,1,0,차대사람 - 횡단중,보행자보호의무위반,포장 - 건조,맑음,교차로 - 교차로안,승용,남,42세,상해없음,보행자,여,46세,경상
2019052500100630,2019년 5월 25일 21시,토요일,충청남도 보령시 신흑동,중상사고,0,1,0,0,차대사람 - 기타,안전운전불이행,포장 - 건조,맑음,단일로 - 기타,원동기,여,46세,상해없음,보행자,여,53세,중상
2019052500100661,2019년 5월 25일 22시,토요일,충청남도 서산시 예천동,중상사고,0,1,0,0,차대사람 - 횡단중,안전운전불이행,포장 - 건조,맑음,단일로 - 기타,승용,남,38세,상해없음,보행자,남,58세,중상
2019052600100222,2019년 5월 26일 12시,일요일,충청남도 서산시 동문동,경상사고,0,0,1,0,차대사람 - 횡단중,안전운전불이행,포장 - 건조,맑음,단일로 - 기타,승용,남,60세,상해없음,보행자,남,8세,경상
2019052600100224,2019년 5월 26일 12시,일요일,충청남도 서천군 기산면,중상사고,0,1,0,0,차대사람 - 길가장자리구역통행중,안전운전불이행,포장 - 건조,맑음,단일로 - 기타,화물,남,50세,상해없음,보행자,남,68세,중상
2019052600100400,2019년 5월 26일 17시,일요일,충청남도 천안시 서북구 두정동,경상사고,0,0,1,0,차대사람 - 기타,중앙선침범,포장 - 건조,맑음,단일로 - 기타,화물,여,58세,상해없음,보행자,남,57세,경상
2019052700100443,2019년 5월 27일 16시,월요일,충청남도 금산군 금산읍,중상사고,0,1,0,0,차대사람 - 기타,안전운전불이행,포장 - 젖음/습기,흐림,교차로 - 교차로안,승용,남,55세,상해없음,보행자,여,11세,중상
2019052700100579,2019년 5월 27일 20시,월요일,충청남도 천안시 동남구 신방동,중상사고,0,1,0,0,차대사람 - 횡단중,보행자보호의무위반,포장 - 건조,맑음,교차로 - 교차로안,승합,남,47세,상해없음,보행자,여,49세,중상
2019052700100630,2019년 5월 27일 22시,월요일,충청남도 아산시 온천동,경상사고,0,0,1,0,차대사람 - 기타,안전운전불이행,포장 - 건조,맑음,교차로 - 교차로안,승용,남,58세,상해없음,보행자,남,51세,경상
2019052800100140,2019년 5월 28일 08시,화요일,충청남도 천안시 동남구 신부동,중상사고,0,1,0,0,차대사람 - 횡단중,안전운전불이행,포장 - 건조,맑음,교차로 - 교차로부근,승용,남,27세,상해없음,보행자,여,7세,중상