사고번호,사고일시,요일,시군구,사고내용,사망자수,중상자수,경상자수,부상신고자수,사고유형,법규위반,노면상태,기상상태,도로형태,가해운전자 차종,가해운전자 성별,가해운전자 연령,가해운전자 상해정도,피해운전자 차종,피해운전자 성별,피해운전자 연령,피해운전자 상해정도
2020081600100394,2020년 8월 16일 18시,일요일,충청남도 청양군 정산면,경상사고,0,0,1,0,차대사람 - 기타,안전운전불이행,포장 - 건조,맑음,기타 - 기타,승용,남,53세,상해없음,보행자,남,72세,경상
2020081600100490,2020년 8월 16일 21시,일요일,충청남도 홍성군 홍성읍,중상사고,0,1,0,0,차대사람 - 기타,안전운전불이행,포장 - 건조,맑음,단일로 - 기타,승용,남,29세,상해없음,보행자,남,54세,중상
2020081700100152,2020년 8월 17일 11시,월요일,충청남도 서산시 동문동,경상사고,0,0,1,0,차대사람 - 횡단중,보행자보호의무위반,포장 - 건조,맑음,교차로 - 교차로횡단보도내,승용,남,59세,상해없음,보행자,남,49세,경상
2020081700100228,2020년 8월 17일 13시,월요일,충청남도 아산시 용화동,경상사고,0,0,1,0,차대사람 - 기타,안전운전불이행,포장 - 건조,맑음,단일로 - 기타,승용,남,40세,상해없음,보행자,남,6세,경상
2020081700100307,2020년 8월 17일 15시,월요일,충청남도 보령시 신흑동,중상사고,0,1,0,0,차대사람 - 기타,안전운전불이행,포장 - 건조,맑음,단일로 - 기타,승용,여,24세,상해없음,보행자,여,68세,중상
2020081700100552,2020년 8월 17일 22시,월요일,충청남도 보령시 웅천읍,중상사고,0,1,0,0,차대사람 - 횡단중,안전운전불이행,포장 - 건조,맑음,교차로 - 교차로부근,승용,남,74세,상해없음,보행자,남,56세,중상
2020081800100206,2020년 8월 18일 11시,화요일,충청남도 홍성군 광천읍,경상사고,0,0,1,0,차대사람 - 기타,안전운전불이행,포장 - 건조,맑음,단일로 - 기타,화물,남,72세,상해없음,보행자,남,91세,경상
2020081800100249,2020년 8월 18일 12시,화요일,충청남도 홍성군 갈산면,중상사고,0,1,0,0,차대사람 - 기타,안전운전불이행,포장 - 건조,맑음,주차장 - 주차장,승용,여,40세,상해없음,보행자,여,85세,중상
2020081800100291,2020년 8월 18일 13시,화요일,충청남도 보령시 주산면,중상사고,0,1,0,0,차대사람 - 길가장자리구역통행중,안전운전불이행,포장 - 건조,맑음,단일로 - 기타,승합,남,48세,상해없음,보행자,여,54세,중상
2020081800100380,2020년 8월 18일 15시,화요일,충청남도 천안시 동남구 목천읍,경상사고,0,0,1,0,차대사람 - 기타,안전운전불이행,포장 - 건조,맑음,기타 - 기타,승용,여,22세,상해없음,보행자,남,57세,경상
2020081800100663,2020년 8월 18일 22시,화요일,충청남도 청양군 비봉면,사망사고,1,0,0,0,차대사람 - 기타,안전운전불이행,포장 - 건조,기타,기타 - 기타,승용,남,43세,상해없음,보행자,남,69세,사망
2020081900100017,2020년 8월 19일 01시,수요일,충청남도 천안시 서북구 입장면,경상사고,0,0,1,0,차대사람 - 기타,안전운전불이행,포장 - 건조,맑음,단일로 - 기타,승용,여,53세,상해없음,보행자,남,49세,경상
2020081900100204,2020년 8월 19일 11시,수요일,충청남도 보령시 천북면,경상사고,0,0,1,0,차대사람 - 기타,안전운전불이행,포장 - 건조,맑음,기타 - 기타,승용,남,73세,상해없음,보행자,남,76세,경상
2020081900100241,2020년 8월 19일 12시,수요일,충청남도 아산시 읍내동,중상사고,0,1,0,0,차대사람 - 기타,안전운전불이행,포장 - 건조,맑음,단일로 - 기타,승합,남,59세,상해없음,보행자,여,65세,중상
2020081900100289,2020년 8월 19일 13시,수요일,충청남도 서산시 수석동,부상신고사고,0,0,0,1,차대사람 - 기타,안전운전불이행,포장 - 건조,맑음,주차장 - 주차장,승용,남,61세,상해없음,보행자,여,58세,부상신고
2020081900100407,2020년 8월 19일 16시,수요일,충청남도 부여군 홍산면,경상사고,0,0,1,0,차대사람 - 기타,안전운전불이행,포장 - 건조,맑음,단일로 - 기타,승용,여,57세,상해없음,보행자,여,68세,경상
2020081900100493,2020년 8월 19일 18시,수요일,충청남도 아산시 모종동,중상사고,0,1,0,0,차대사람 - 횡단중,보행자보호의무위반,포장 - 건조,맑음,단일로 - 기타,승합,남,58세,상해없음,보행자,여,52세,중상
2020081900100578,2020년 8월 19일 20시,수요일,충청남도 공주시 신관동,중상사고,0,1,0,0,차대사람 - 횡단중,안전운전불이행,포장 - 건조,맑음,교차로 - 교차로부근,이륜,남,24세,상해없음,보행자,여,55세,중상
2020082000100296,2020년 8월 20일 13시,목요일,충청남도 부여군 부여읍,중상사고,0,1,0,0,차대사람 - 횡단중,안전운전불이행,포장 - 건조,맑음,교차로 - 교차로부근,화물,남,67세,상해없음,보행자,여,74세,중상
2020082000100442,2020년 8월 20일 17시,목요일,충청남도 논산시 내동,중상사고,0,1,0,0,차대사람 - 횡단중,안전운전불이행,포장 - 건조,맑음,교차로 - 교차로부근,이륜,남,18세,상해없음,보행자,남,36세,중상
2020082000100534,2020년 8월 20일 19시,목요일,충청남도 천안시 서북구 불당동,중상사고,0,1,0,0,차대사람 - 차도통행중,안전운전불이행,포장 - 건조,맑음,단일로 - 기타,이륜,남,37세,상해없음,보행자,여,15세,중상
2020082000100606,2020년 8월 20일 22시,목요일,충청남도 아산시 용화동,중상사고,0,1,0,0,차대사람 - 기타,안전운전불이행,포장 - 건조,맑음,단일로 - 기타,승용,남,56세,상해없음,보행자,남,59세,중상
2020082100100104,2020년 8월 21일 08시,금요일,충청남도 천안시 동남구 원성동,중상사고,0,1,0,0,차대사람 - 기타,안전운전불이행,포장 - 건조,맑음,교차로 - 교차로안,자전거,남,21세,상해없음,보행자,여,83세,중상
2020082100100192,2020년 8월 21일 11시,금요일,충청남도 천안시 서북구 성정동,경상사고,0,0,2,0,차대사람 - 기타,안전운전불이행,포장 - 건조,맑음,교차로 - 교차로안,승용,남,49세,상해없음,보행자,여,24세,경상
2020082100100487,2020년 8월 21일 19시,금요일,충청남도 논산시 가야곡면,중상사고,0,1,0,0,차대사람 - 길가장자리구역통행중,안전운전불이행,포장 - 건조,맑음,단일로 - 기타,승용,남,43세,상해없음,보행자,여,58세,중상
2020082200100109,2020년 8월 22일 08시,토요일,충청남도 예산군 예산읍,경상사고,0,0,1,0,차대사람 - 차도통행중,안전운전불이행,포장 - 건조,맑음,단일로 - 기타,화물,남,53세,상해없음,보행자,남,22세,경상
2020082200100173,2020년 8월 22일 10시,토요일,충청남도 아산시 배방읍,중상사고,0,1,0,0,차대사람 - 횡단중,안전운전불이행,포장 - 건조,맑음,기타 - 기타,자전거,남,17세,상해없음,보행자,여,47세,중상
2020082200100200,2020년 8월 22일 11시,토요일,충청남도 당진시 채운동,중상사고,0,1,0,0,차대사람 - 보도통행중,보행자보호의무위반,포장 - 건조,맑음,교차로 - 교차로횡단보도내,화물,남,51세,상해없음,보행자,여,59세,중상
2020082200100227,2020년 8월 22일 12시,토요일,충청남도 아산시 온천동,중상사고,0,1,0,0,차대사람 - 횡단중,안전운전불이행,포장 - 젖음/습기,비,단일로 - 기타,이륜,남,37세,상해없음,보행자,여,74세,중상
2020082200100356,2020년 8월 22일 15시,토요일,충청남도 보령시 신흑동,경상사고,0,0,1,0,차대사람 - 기타,기타,포장 - 건조,맑음,단일로 - 기타,이륜,남,32세,상해없음,보행자,남,22세,경상
2020082200100588,2020년 8월 22일 21시,토요일,충청남도 서산시 읍내동,중상사고,0,1,0,0,차대사람 - 차도통행중,안전운전불이행,포장 - 건조,맑음,교차로 - 교차로부근,승용,남,56세,상해없음,보행자,남,52세,중상
2020082300100241,2020년 8월 23일 15시,일요일,충청남도 당진시 송악읍,중상사고,0,1,0,0,차대사람 - 기타,안전운전불이행,포장 - 건조,맑음,기타 - 기타,승용,남,46세,상해없음,보행자,여,87세,중상
2020082400100050,2020년 8월 24일 06시,월요일,충청남도 서산시 대산읍,중상사고,0,1,0,0,차대사람 - 횡단중,안전운전불이행,포장 - 건조,맑음,단일로 - 기타,승용,남,55세,상해없음,보행자,남,55세,중상
2020082400100453,2020년 8월 24일 17시,월요일,충청남도 논산시 성동면,중상사고,0,1,0,0,차대사람 - 차도통행중,안전운전불이행,포장 - 건조,맑음,단일로 - 기타,화물,남,58세,기타불명,보행자,남,74세,중상
2020082400100498,2020년 8월 24일 18시,월요일,충청남도 논산시 반월동,사망사고,1,0,0,0,차대사람 - 횡단중,안전운전불이행,포장 - 건조,맑음,교차로 - 교차로부근,승용,남,41세,상해없음,보행자,남,75세,사망
2020082400100584,2020년 8월 24일 20시,월요일,충청남도 홍성군 광천읍,경상사고,0,0,1,0,차대사람 - 기타,안전운전불이행,포장 - 건조,맑음,기타 - 기타,승용,여,41세,상해없음,보행자,여,77세,경상
2020082500100222,2020년 8월 25일 11시,화요일,충청남도 태안군 근흥면,경상사고,0,0,4,0,차대사람 - 기타,안전운전불이행,포장 - 건조,맑음,기타 - 기타,승용,남,71세,상해없음,보행자,여,30세,경상
2020082500100402,2020년 8월 25일 16시,화요일,충청남도 공주시 의당면,중상사고,0,1,0,0,차대사람 - 차도통행중,안전운전불이행,포장 - 건조,맑음,단일로 - 기타,화물,남,62세,상해없음,보행자,남,54세,중상
2020082500100603,2020년 8월 25일 21시,화요일,충청남도 보령시 동대동,중상사고,0,1,0,0,차대사람 - 횡단중,보행자보호의무위반,포장 - 건조,맑음,교차로 - 교차로횡단보도내,화물,남,20세,상해없음,보행자,여,46세,중상
2020082600100036,2020년 8월 26일 05시,수요일,충청남도 당진시 합덕읍,중상사고,0,1,0,0,차대사람 - 차도통행중,안전운전불이행,포장 - 건조,맑음,단일로 - 기타,기타불명,기타불명,미분류,기타불명,보행자,여,56세,중상
2020082600100208,2020년 8월 26일 12시,수요일,충청남도 천안시 서북구 직산읍,중상사고,0,1,0,0,차대사람 - 기타,안전운전불이행,포장 - 건조,맑음,교차로 - 교차로안,화물,남,60세,상해없음,보행자,여,68세,중상
2020082600100440,2020년 8월 26일 19시,수요일,충청남도 아산시 선장면,중상사고,0,1,0,0,차대사람 - 기타,안전운전불이행,포장 - 건조,맑음,단일로 - 기타,승용,남,33세,상해없음,보행자,남,49세,중상
2020082700100065,2020년 8월 27일 07시,목요일,충청남도 공주시 중학동,중상사고,0,1,0,0,차대사람 - 횡단중,보행자보호의무위반,포장 - 건조,맑음,교차로 - 교차로부근,승용,남,67세,상해없음,보행자,남,47세,중상
2020082700100269,2020년 8월 27일 14시,목요일,충청남도 계룡시 금암동,경상사고,0,0,1,0,차대사람 - 기타,안전운전불이행,포장 - 건조,맑음,단일로 - 기타,승합,남,32세,상해없음,보행자,여,73세,경상
2020082700100561,2020년 8월 27일 23시,목요일,충청남도 계룡시 두마면,중상사고,0,1,0,0,차대사람 - 기타,안전운전불이행,포장 - 건조,맑음,주차장 - 주차장,승용,남,50세,상해없음,보행자,남,20세,중상
2020082800100260,2020년 8월 28일 13시,금요일,충청남도 보령시 동대동,사망사고,1,0,0,0,차대사람 - 횡단중,안전운전불이행,포장 - 건조,맑음,교차로 - 교차로안,화물,남,60세,상해없음,보행자,남,80세,사망
2020082800100380,2020년 8월 28일 16시,금요일,충청남도 계룡시 엄사면,경상사고,0,0,1,0,차대사람 - 기타,안전운전불이행,포장 - 건조,맑음,주차장 - 주차장,승용,여,69세,상해없음,보행자,남,48세,경상
2020082800100476,2020년 8월 28일 18시,금요일,충청남도 논산시 내동,경상사고,0,0,1,0,차대사람 - 횡단중,보행자보호의무위반,포장 - 젖음/습기,비,교차로 - 교차로횡단보도내,승용,남,34세,상해없음,보행자,여,70세,경상
2020082900100042,2020년 8월 29일 02시,토요일,충청남도 서산시 지곡면,중상사고,0,1,0,0,차대사람 - 횡단중,안전운전불이행,포장 - 젖음/습기,비,단일로 - 기타,기타불명,기타불명,미분류,기타불명,보행자,남,60세,중상
2020082900100495,2020년 8월 29일 20시,토요일,충청남도 논산시 내동,중상사고,0,1,0,0,차대사람 - 횡단중,안전운전불이행,포장 - 젖음/습기,비,교차로 - 교차로부근,이륜,남,23세,상해없음,보행자,남,63세,중상
2020083000100382,2020년 8월 30일 20시,일요일,충청남도 서천군 서면,경상사고,0,0,1,0,차대사람 - 기타,안전운전불이행,포장 - 건조,맑음,단일로 - 기타,승용,여,52세,상해없음,보행자,남,63세,경상
2020083100100316,2020년 8월 31일 15시,월요일,충청남도 아산시 선장면,경상사고,0,0,1,0,차대사람 - 기타,안전운전불이행,포장 - 건조,맑음,단일로 - 기타,화물,남,50세,상해없음,보행자,여,81세,경상
2020083100100354,2020년 8월 31일 16시,월요일,충청남도 부여군 부여읍,중상사고,0,1,0,0,차대사람 - 차도통행중,안전운전불이행,포장 - 건조,맑음,단일로 - 기타,승용,여,61세,상해없음,보행자,여,75세,중상
2020083100100355,2020년 8월 31일 16시,월요일,충청남도 당진시 읍내리,경상사고,0,0,1,0,차대사람 - 기타,기타,포장 - 건조,흐림,기타 - 기타,승용,여,53세,상해없음,보행자,여,20세,경상
2020083100100471,2020년 8월 31일 19시,월요일,충청남도 아산시 둔포면,중상사고,0,1,0,0,차대사람 - 횡단중,안전운전불이행,포장 - 건조,맑음,교차로 - 교차로안,승용,남,52세,상해없음,보행자,남,50세,중상
2020090100100445,2020년 9월 1일 19시,화요일,충청남도 서산시 대산읍,중상사고,0,1,0,0,차대사람 - 횡단중,보행자보호의무위반,포장 - 건조,맑음,교차로 - 교차로안,승용,여,50세,상해없음,보행자,남,58세,중상
2020090300100250,2020년 9월 3일 14시,목요일,충청남도 보령시 동대동,경상사고,0,0,1,0,차대사람 - 횡단중,안전운전불이행,포장 - 건조,맑음,교차로 - 교차로안,승용,여,45세,상해없음,보행자,남,55세,경상
2020090300100285,2020년 9월 3일 15시,목요일,충청남도 보령시 동대동,경상사고,0,0,1,0,차대사람 - 횡단중,보행자보호의무위반,포장 - 건조,맑음,교차로 - 교차로안,승용,남,78세,상해없음,보행자,남,49세,경상
2020090300100380,2020년 9월 3일 18시,목요일,충청남도 공주시 신관동,경상사고,0,0,1,0,차대사람 - 차도통행중,안전운전불이행,포장 - 건조,맑음,단일로 - 기타,승용,남,47세,기타불명,보행자,여,26세,경상
2020090300100532,2020년 9월 3일 23시,목요일,충청남도 아산시 둔포면,경상사고,0,0,1,0,차대사람 - 기타,안전운전불이행,포장 - 건조,맑음,단일로 - 기타,기타불명,기타불명,미분류,기타불명,보행자,여,45세,경상
2020090400100089,2020년 9월 4일 08시,금요일,충청남도 천안시 서북구 불당동,경상사고,0,0,1,0,차대사람 - 횡단중,보행자보호의무위반,포장 - 건조,맑음,기타 - 기타,승용,여,45세,상해없음,보행자,남,39세,경상
2020090400100123,2020년 9월 4일 09시,금요일,충청남도 아산시 모종동,경상사고,0,0,1,0,차대사람 - 길가장자리구역통행중,안전운전불이행,포장 - 건조,맑음,기타 - 기타,승용,남,41세,상해없음,보행자,남,84세,경상
2020090400100512,2020년 9월 4일 19시,금요일,충청남도 천안시 동남구 다가동,경상사고,0,0,1,0,차대사람 - 기타,안전운전불이행,포장 - 젖음/습기,흐림,단일로 - 기타,승합,여,47세,상해없음,보행자,남,52세,경상
2020090400100578,2020년 9월 4일 21시,금요일,충청남도 보령시 웅천읍,중상사고,0,1,0,0,차대사람 - 기타,안전운전불이행,포장 - 젖음/습기,흐림,기타 - 기타,승용,남,22세,상해없음,보행자,남,41세,중상
2020090500100093,2020년 9월 5일 09시,토요일,충청남도 아산시 용화동,부상신고사고,0,0,0,1,차대사람 - 기타,기타,포장 - 건조,흐림,단일로 - 기타,승합,남,54세,기타불명,보행자,여,61세,부상신고
2020090500100373,2020년 9월 5일 17시,토요일,충청남도 공주시 옥룡동,경상사고,0,0,1,0,차대사람 - 횡단중,신호위반,포장 - 건조,맑음,교차로 - 교차로횡단보도내,이륜,남,28세,상해없음,보행자,남,36세,경상
2020090500100410,2020년 9월 5일 18시,토요일,충청남도 공주시 쌍신동,중상사고,0,1,0,0,차대사람 - 기타,안전운전불이행,포장 - 건조,맑음,단일로 - 기타,화물,남,46세,상해없음,보행자,여,58세,중상
2020090500100445,2020년 9월 5일 19시,토요일,충청남도 홍성군 서부면,경상사고,0,0,1,0,차대사람 - 차도통행중,안전운전불이행,포장 - 건조,맑음,교차로 - 교차로안,화물,남,46세,상해없음,보행자,여,60세,경상
2020090600100009,2020년 9월 6일 00시,일요일,충청남도 태안군 남면,부상신고사고,0,0,0,1,차대사람 - 기타,안전운전불이행,포장 - 건조,맑음,교차로 - 교차로안,승용,여,43세,상해없음,보행자,남,57세,부상신고
2020090600100054,2020년 9월 6일 06시,일요일,충청남도 태안군 원북면,경상사고,0,0,1,0,차대사람 - 차도통행중,중앙선침범,포장 - 건조,맑음,단일로 - 기타,승용,남,61세,상해없음,보행자,남,65세,경상
2020090600100172,2020년 9월 6일 14시,일요일,충청남도 공주시 정안면,중상사고,0,1,1,0,차대사람 - 기타,안전운전불이행,포장 - 건조,맑음,주차장 - 주차장,승용,남,71세,상해없음,보행자,남,58세,중상
2020090600100270,2020년 9월 6일 18시,일요일,충청남도 논산시 부창동,중상사고,0,1,0,0,차대사람 - 차도통행중,안전운전불이행,포장 - 젖음/습기,비,교차로 - 교차로안,화물,남,64세,상해없음,보행자,여,71세,중상
2020090600100298,2020년 9월 6일 19시,일요일,충청남도 천안시 서북구 불당동,경상사고,0,0,3,0,차대사람 - 횡단중,신호위반,포장 - 젖음/습기,비,교차로 - 교차로횡단보도내,이륜,남,18세,경상,보행자,남,22세,경상
2020090600100299,2020년 9월 6일 19시,일요일,충청남도 아산시 권곡동,사망사고,1,0,0,0,차대사람 - 횡단중,과속,포장 - 젖음/습기,비,교차로 - 교차로안,화물,남,58세,기타불명,보행자,남,47세,사망
2020090700100006,2020년 9월 7일 00시,월요일,충청남도 천안시 동남구 신부동,중상사고,0,1,0,0,차대사람 - 기타,안전운전불이행,포장 - 젖음/습기,비,단일로 - 기타,승용,남,28세,상해없음,보행자,여,21세,중상
2020090700100103,2020년 9월 7일 08시,월요일,충청남도 아산시 온천동,중상사고,0,1,0,0,차대사람 - 기타,안전운전불이행,포장 - 젖음/습기,비,기타 - 기타,승용,남,55세,상해없음,보행자,여,58세,중상
2020090700100173,2020년 9월 7일 11시,월요일,충청남도 천안시 서북구 백석동,중상사고,0,1,0,0,차대사람 - 횡단중,신호위반,포장 - 젖음/습기,비,단일로 - 기타,승용,여,60세,상해없음,보행자,여,76세,중상
2020090700100313,2020년 9월 7일 15시,월요일,충청남도 공주시 산성동,중상사고,0,1,0,0,차대사람 - 기타,교차로운행방법위반,포장 - 젖음/습기,비,교차로 - 교차로안,승용,여,40세,상해없음,보행자,남,79세,중상
2020090700100511,2020년 9월 7일 20시,월요일,충청남도 아산시 신창면,경상사고,0,0,2,0,차대사람 - 기타,안전운전불이행,포장 - 건조,맑음,단일로 - 기타,승용,남,49세,상해없음,보행자,여,19세,경상
2020090800100390,2020년 9월 8일 16시,화요일,충청남도 천안시 동남구 대흥동,중상사고,0,1,0,0,차대사람 - 기타,안전운전불이행,포장 - 건조,맑음,단일로 - 기타,승용,남,53세,상해없음,보행자,남,44세,중상
2020090800100515,2020년 9월 8일 19시,화요일,충청남도 예산군 삽교읍,중상사고,0,1,0,0,차대사람 - 차도통행중,안전운전불이행,포장 - 건조,맑음,단일로 - 기타,자전거,남,49세,상해없음,보행자,여,77세,중상
2020090800100556,2020년 9월 8일 20시,화요일,충청남도 아산시 모종동,중상사고,0,2,0,0,차대사람 - 횡단중,보행자보호의무위반,포장 - 건조,맑음,단일로 - 기타,승합,남,58세,상해없음,보행자,여,39세,중상
2020090800100558,2020년 9월 8일 20시,화요일,충청남도 당진시 신평면,중상사고,0,1,0,0,차대사람 - 보도통행중,보행자보호의무위반,포장 - 건조,맑음,교차로 - 교차로횡단보도내,승용,남,53세,상해없음,보행자,남,45세,중상
2020090900100062,2020년 9월 9일 07시,수요일,충청남도 천안시 동남구 원성동,경상사고,0,0,1,0,차대사람 - 기타,안전운전불이행,포장 - 건조,맑음,기타 - 기타,승합,남,60세,상해없음,보행자,여,52세,경상
2020090900100174,2020년 9월 9일 11시,수요일,충청남도 보령시 웅천읍,경상사고,0,0,1,0,차대사람 - 횡단중,안전운전불이행,포장 - 건조,맑음,단일로 - 기타,승합,남,51세,상해없음,보행자,남,26세,경상
2020090900100363,2020년 9월 9일 17시,수요일,충청남도 천안시 동남구 안서동,경상사고,0,0,1,0,차대사람 - 횡단중,안전운전불이행,포장 - 건조,맑음,교차로 - 교차로부근,승용,남,54세,상해없음,보행자,여,22세,경상
2020091000100165,2020년 9월 10일 11시,목요일,충청남도 공주시 신관동,경상사고,0,0,1,0,차대사람 - 횡단중,안전운전불이행,포장 - 건조,맑음,교차로 - 교차로안,승합,남,60세,상해없음,보행자,여,26세,경상
2020091000100376,2020년 9월 10일 17시,목요일,충청남도 보령시 천북면,중상사고,0,1,0,0,차대사람 - 횡단중,안전운전불이행,포장 - 건조,맑음,교차로 - 교차로안,승용,남,29세,상해없음,보행자,남,89세,중상
2020091000100476,2020년 9월 10일 19시,목요일,충청남도 아산시 온천동,중상사고,0,1,0,0,차대사람 - 횡단중,안전운전불이행,포장 - 건조,맑음,교차로 - 교차로부근,승용,남,50세,상해없음,보행자,여,76세,중상
2020091100100178,2020년 9월 11일 11시,금요일,충청남도 아산시 온천동,경상사고,0,0,1,0,차대사람 - 기타,안전운전불이행,포장 - 건조,맑음,교차로 - 교차로안,화물,남,54세,상해없음,보행자,여,38세,경상
2020091200100197,2020년 9월 12일 11시,토요일,충청남도 당진시 합덕읍,경상사고,0,0,1,0,차대사람 - 기타,안전운전불이행,포장 - 건조,맑음,단일로 - 기타,화물,여,53세,상해없음,보행자,여,68세,경상
2020091200100279,2020년 9월 12일 13시,토요일,충청남도 서천군 서면,경상사고,0,0,1,0,차대사람 - 기타,안전운전불이행,포장 - 건조,흐림,단일로 - 기타,승용,남,65세,상해없음,보행자,여,69세,경상
2020091200100399,2020년 9월 12일 16시,토요일,충청남도 서산시 예천동,중상사고,0,1,0,0,차대사람 - 횡단중,보행자보호의무위반,포장 - 젖음/습기,비,교차로 - 교차로안,화물,남,59세,상해없음,보행자,여,37세,중상
2020091200100402,2020년 9월 12일 16시,토요일,충청남도 보령시 명천동,경상사고,0,0,1,0,차대사람 - 기타,안전운전불이행,포장 - 건조,맑음,단일로 - 기타,승용,남,27세,상해없음,보행자,남,65세,경상
2020091200100533,2020년 9월 12일 20시,토요일,충청남도 서산시 석림동,경상사고,0,0,1,0,차대사람 - 차도통행중,안전운전불이행,포장 - 건조,맑음,단일로 - 기타,이륜,남,42세,기타불명,보행자,남,62세,경상
2020091300100272,2020년 9월 13일 15시,일요일,충청남도 금산군 남이면,경상사고,0,0,1,0,차대사람 - 기타,안전운전불이행,포장 - 건조,맑음,단일로 - 기타,승용,남,42세,상해없음,보행자,남,62세,경상
2020091300100309,2020년 9월 13일 16시,일요일,충청남도 논산시 화지동,중상사고,0,2,3,0,차대사람 - 기타,기타,포장 - 건조,맑음,단일로 - 기타,승용,남,47세,상해없음,보행자,여,71세,중상
2020091300100311,2020년 9월 13일 16시,일요일,충청남도 천안시 동남구 사직동,부상신고사고,0,0,0,1,차대사람 - 기타,안전운전불이행,포장 - 건조,맑음,기타 - 기타,승용,남,46세,상해없음,보행자,남,58세,부상신고
2020091300100386,2020년 9월 13일 18시,일요일,충청남도 천안시 서북구 성정동,부상신고사고,0,0,0,1,차대사람 - 기타,중앙선침범,포장 - 건조,맑음,단일로 - 기타,승용,여,53세,상해없음,보행자,남,20세,부상신고
2020091300100459,2020년 9월 13일 21시,일요일,충청남도 공주시 이인면,중상사고,0,1,0,0,차대사람 - 기타,안전운전불이행,포장 - 건조,맑음,단일로 - 기타,승용,남,61세,상해없음,보행자,남,55세,중상
2020091300100483,2020년 9월 13일 23시,일요일,충청남도 천안시 서북구 두정동,경상사고,0,0,2,0,차대사람 - 기타,안전운전불이행,포장 - 건조,맑음,단일로 - 기타,승용,남,22세,상해없음,보행자,남,28세,경상
2020091400100226,2020년 9월 14일 11시,월요일,충청남도 태안군 고남면,중상사고,0,1,0,0,차대사람 - 기타,안전운전불이행,포장 - 건조,맑음,주차장 - 주차장,승용,남,64세,상해없음,보행자,남,77세,중상
2020091400100291,2020년 9월 14일 13시,월요일,충청남도 천안시 서북구 성거읍,중상사고,0,1,0,0,차대사람 - 횡단중,안전운전불이행,포장 - 건조,맑음,교차로 - 교차로부근,건설기계,남,57세,상해없음,보행자,남,79세,중상
2020091500100010,2020년 9월 15일 00시,화요일,충청남도 서산시 지곡면,경상사고,0,0,1,0,차대사람 - 기타,안전운전불이행,포장 - 건조,맑음,기타 - 기타,승용,여,56세,상해없음,보행자,여,31세,경상
2020091500100022,2020년 9월 15일 01시,화요일,충청남도 서산시 대산읍,중상사고,0,1,0,0,차대사람 - 횡단중,기타,포장 - 젖음/습기,비,교차로 - 교차로횡단보도내,승용,남,59세,상해없음,보행자,여,52세,중상
2020091500100034,2020년 9월 15일 03시,화요일,충청남도 천안시 동남구 봉명동,중상사고,0,1,0,0,차대사람 - 기타,안전운전불이행,포장 - 건조,맑음,단일로 - 기타,승용,남,42세,상해없음,보행자,남,45세,중상
2020091500100068,2020년 9월 15일 07시,화요일,충청남도 예산군 예산읍,중상사고,0,1,0,0,차대사람 - 차도통행중,안전운전불이행,포장 - 건조,맑음,교차로 - 교차로안,승용,남,72세,상해없음,보행자,남,63세,중상
2020091500100334,2020년 9월 15일 15시,화요일,충청남도 서천군 장항읍,사망사고,1,0,0,0,차대사람 - 기타,안전운전불이행,포장 - 건조,맑음,단일로 - 기타,화물,남,53세,상해없음,보행자,여,80세,사망
2020091500100561,2020년 9월 15일 22시,화요일,충청남도 천안시 동남구 영성동,중상사고,0,1,0,0,차대사람 - 기타,안전운전불이행,포장 - 건조,맑음,단일로 - 기타,승용,남,26세,상해없음,보행자,남,60세,중상
2020091600100505,2020년 9월 16일 20시,수요일,충청남도 천안시 서북구 두정동,중상사고,0,1,0,0,차대사람 - 차도통행중,안전운전불이행,포장 - 건조,맑음,교차로 - 교차로안,승용,남,24세,상해없음,보행자,남,38세,중상
2020091600100529,2020년 9월 16일 21시,수요일,충청남도 서산시 읍내동,중상사고,0,1,0,0,차대사람 - 횡단중,보행자보호의무위반,포장 - 젖음/습기,비,교차로 - 교차로횡단보도내,승용,여,49세,상해없음,보행자,여,56세,중상
2020091600100530,2020년 9월 16일 21시,수요일,충청남도 서산시 동문동,중상사고,0,1,0,0,차대사람 - 횡단중,보행자보호의무위반,포장 - 젖음/습기,비,교차로 - 교차로횡단보도내,승용,남,43세,상해없음,보행자,남,18세,중상
2020091700100022,2020년 9월 17일 03시,목요일,충청남도 천안시 동남구 신부동,경상사고,0,0,1,0,차대사람 - 기타,안전운전불이행,포장 - 건조,맑음,단일로 - 기타,승용,남,24세,상해없음,보행자,여,22세,경상
2020091700100534,2020년 9월 17일 21시,목요일,충청남도 천안시 서북구 쌍용동,중상사고,0,2,0,0,차대사람 - 횡단중,안전운전불이행,포장 - 건조,맑음,교차로 - 교차로부근,이륜,남,17세,중상,보행자,남,61세,중상