사고번호,사고일시,요일,시군구,사고내용,사망자수,중상자수,경상자수,부상신고자수,사고유형,법규위반,노면상태,기상상태,도로형태,가해운전자 차종,가해운전자 성별,가해운전자 연령,가해운전자 상해정도,피해운전자 차종,피해운전자 성별,피해운전자 연령,피해운전자 상해정도
2020120200100131,2020년 12월 2일 10시,수요일,충청남도 천안시 동남구 수신면,경상사고,0,0,1,0,차대사람 - 기타,안전운전불이행,포장 - 건조,맑음,단일로 - 기타,화물,남,52세,상해없음,보행자,남,70세,경상
2020120200100283,2020년 12월 2일 15시,수요일,충청남도 서천군 기산면,경상사고,0,0,1,0,차대사람 - 차도통행중,안전운전불이행,포장 - 건조,맑음,단일로 - 기타,화물,남,81세,상해없음,보행자,여,66세,경상
2020120200100352,2020년 12월 2일 17시,수요일,충청남도 공주시 산성동,중상사고,0,1,0,0,차대사람 - 차도통행중,안전운전불이행,포장 - 건조,맑음,단일로 - 기타,승용,여,63세,상해없음,보행자,여,83세,중상
2020120300100142,2020년 12월 3일 10시,목요일,충청남도 당진시 면천면,중상사고,0,1,0,0,차대사람 - 길가장자리구역통행중,안전운전불이행,포장 - 건조,맑음,교차로 - 교차로안,승용,여,61세,상해없음,보행자,남,70세,중상
2020120300100228,2020년 12월 3일 13시,목요일,충청남도 천안시 동남구 사직동,경상사고,0,0,1,0,차대사람 - 기타,안전운전불이행,포장 - 건조,맑음,단일로 - 기타,승용,여,40세,상해없음,보행자,남,43세,경상
2020120300100264,2020년 12월 3일 14시,목요일,충청남도 아산시 풍기동,중상사고,0,1,0,0,차대사람 - 기타,안전운전불이행,포장 - 건조,맑음,단일로 - 기타,기타불명,기타불명,미분류,기타불명,보행자,남,10세,중상
2020120300100474,2020년 12월 3일 19시,목요일,충청남도 논산시 부적면,중상사고,0,1,0,0,차대사람 - 차도통행중,안전운전불이행,포장 - 건조,맑음,교차로 - 교차로안,승용,남,66세,상해없음,보행자,여,72세,중상
2020120300100477,2020년 12월 3일 19시,목요일,충청남도 청양군 청양읍,중상사고,0,1,0,0,차대사람 - 횡단중,보행자보호의무위반,포장 - 건조,맑음,교차로 - 교차로횡단보도내,승용,남,60세,상해없음,보행자,여,68세,중상
2020120300100498,2020년 12월 3일 20시,목요일,충청남도 천안시 동남구 안서동,경상사고,0,0,1,0,차대사람 - 기타,안전운전불이행,포장 - 건조,맑음,단일로 - 기타,개인형이동수단(PM),남,19세,상해없음,보행자,남,69세,경상
2020120300100541,2020년 12월 3일 22시,목요일,충청남도 천안시 서북구 성환읍,경상사고,0,0,1,0,차대사람 - 기타,안전운전불이행,비포장 - 건조,맑음,단일로 - 기타,승용,남,38세,상해없음,보행자,여,36세,경상
2020120400100055,2020년 12월 4일 06시,금요일,충청남도 보령시 주교면,경상사고,0,0,1,0,차대사람 - 기타,안전운전불이행,포장 - 건조,맑음,단일로 - 기타,승용,남,52세,상해없음,보행자,남,50세,경상
2020120400100056,2020년 12월 4일 06시,금요일,충청남도 천안시 동남구 다가동,경상사고,0,0,1,0,차대사람 - 횡단중,보행자보호의무위반,포장 - 건조,맑음,교차로 - 교차로안,이륜,남,65세,상해없음,보행자,남,76세,경상
2020120400100083,2020년 12월 4일 07시,금요일,충청남도 서산시 대산읍,사망사고,1,0,0,0,차대사람 - 횡단중,안전거리미확보,포장 - 건조,맑음,교차로 - 교차로부근,승용,여,45세,상해없음,보행자,여,84세,사망
2020120400100235,2020년 12월 4일 12시,금요일,충청남도 부여군 부여읍,중상사고,0,1,0,0,차대사람 - 횡단중,안전운전불이행,포장 - 건조,맑음,교차로 - 교차로부근,승합,남,42세,상해없음,보행자,남,87세,중상
2020120400100236,2020년 12월 4일 12시,금요일,충청남도 천안시 동남구 사직동,경상사고,0,0,1,0,차대사람 - 기타,안전운전불이행,포장 - 건조,맑음,단일로 - 기타,승용,여,54세,상해없음,보행자,남,64세,경상
2020120400100421,2020년 12월 4일 17시,금요일,충청남도 서산시 성연면,중상사고,0,1,0,0,차대사람 - 횡단중,안전운전불이행,포장 - 건조,맑음,단일로 - 기타,승용,여,43세,상해없음,보행자,여,58세,중상
2020120400100425,2020년 12월 4일 17시,금요일,충청남도 아산시 영인면,중상사고,0,1,0,0,차대사람 - 길가장자리구역통행중,안전운전불이행,포장 - 건조,맑음,단일로 - 기타,승용,여,62세,상해없음,보행자,여,64세,중상
2020120400100426,2020년 12월 4일 17시,금요일,충청남도 공주시 산성동,경상사고,0,0,1,0,차대사람 - 차도통행중,안전운전불이행,포장 - 건조,맑음,단일로 - 기타,승용,여,43세,상해없음,보행자,남,65세,경상
2020120500100051,2020년 12월 5일 06시,토요일,충청남도 예산군 예산읍,경상사고,0,0,1,0,차대사람 - 횡단중,안전운전불이행,포장 - 건조,맑음,교차로 - 교차로안,화물,남,19세,상해없음,보행자,남,60세,경상
2020120500100067,2020년 12월 5일 08시,토요일,충청남도 보령시 주포면,사망사고,1,0,0,0,차대사람 - 기타,안전운전불이행,포장 - 서리/결빙,맑음,단일로 - 교량,승용,여,65세,상해없음,보행자,남,63세,사망
2020120500100083,2020년 12월 5일 09시,토요일,충청남도 예산군 예산읍,중상사고,0,1,0,0,차대사람 - 기타,안전운전불이행,포장 - 젖음/습기,흐림,기타 - 기타,승용,남,48세,상해없음,보행자,남,68세,중상
2020120500100464,2020년 12월 5일 19시,토요일,충청남도 천안시 서북구 두정동,경상사고,0,0,1,0,차대사람 - 횡단중,중앙선침범,포장 - 건조,맑음,단일로 - 기타,승용,여,64세,상해없음,보행자,여,44세,경상
2020120600100310,2020년 12월 6일 18시,일요일,충청남도 보령시 명천동,중상사고,0,1,0,0,차대사람 - 횡단중,보행자보호의무위반,포장 - 건조,맑음,교차로 - 교차로안,승용,남,67세,상해없음,보행자,남,65세,중상
2020120700100042,2020년 12월 7일 06시,월요일,충청남도 천안시 서북구 직산읍,경상사고,0,0,1,0,차대사람 - 횡단중,신호위반,포장 - 건조,맑음,교차로 - 교차로횡단보도내,승용,여,67세,상해없음,보행자,남,27세,경상
2020120700100043,2020년 12월 7일 06시,월요일,충청남도 논산시 양촌면,중상사고,0,1,0,0,차대사람 - 횡단중,안전운전불이행,포장 - 건조,맑음,단일로 - 기타,승용,남,58세,상해없음,보행자,여,69세,중상
2020120700100246,2020년 12월 7일 14시,월요일,충청남도 천안시 서북구 성정동,경상사고,0,0,1,0,차대사람 - 기타,안전운전불이행,포장 - 건조,맑음,단일로 - 기타,승용,여,34세,상해없음,보행자,여,32세,경상
2020120700100316,2020년 12월 7일 16시,월요일,충청남도 태안군 태안읍,중상사고,0,1,0,0,차대사람 - 횡단중,보행자보호의무위반,포장 - 건조,맑음,교차로 - 교차로횡단보도내,승용,남,71세,상해없음,보행자,여,69세,중상
2020120700100352,2020년 12월 7일 17시,월요일,충청남도 금산군 추부면,중상사고,0,1,0,0,차대사람 - 차도통행중,안전운전불이행,포장 - 건조,맑음,단일로 - 기타,승용,여,44세,상해없음,보행자,남,57세,중상
2020120700100397,2020년 12월 7일 18시,월요일,충청남도 천안시 동남구 신방동,경상사고,0,0,1,0,차대사람 - 횡단중,보행자보호의무위반,포장 - 건조,맑음,교차로 - 교차로부근,승용,남,40세,상해없음,보행자,여,51세,경상
2020120800100216,2020년 12월 8일 12시,화요일,충청남도 당진시 읍내리,중상사고,0,1,0,0,차대사람 - 횡단중,보행자보호의무위반,포장 - 건조,맑음,교차로 - 교차로횡단보도내,화물,남,29세,상해없음,보행자,여,79세,중상
2020120800100300,2020년 12월 8일 14시,화요일,충청남도 당진시 읍내리,중상사고,0,1,0,0,차대사람 - 보도통행중,기타,포장 - 건조,맑음,교차로 - 교차로부근,화물,남,46세,상해없음,보행자,여,79세,중상
2020120800100301,2020년 12월 8일 14시,화요일,충청남도 태안군 태안읍,중상사고,0,1,0,0,차대사람 - 횡단중,보행자보호의무위반,포장 - 건조,맑음,교차로 - 교차로부근,화물,남,57세,상해없음,보행자,여,72세,중상
2020120800100340,2020년 12월 8일 15시,화요일,충청남도 아산시 모종동,중상사고,0,1,0,0,차대사람 - 기타,안전운전불이행,포장 - 건조,맑음,단일로 - 기타,승용,남,38세,상해없음,보행자,여,79세,중상
2020120800100415,2020년 12월 8일 17시,화요일,충청남도 천안시 동남구 원성동,경상사고,0,0,1,0,차대사람 - 길가장자리구역통행중,기타,포장 - 건조,맑음,단일로 - 기타,승용,남,61세,상해없음,보행자,여,47세,경상
2020120800100478,2020년 12월 8일 18시,화요일,충청남도 서산시 대산읍,경상사고,0,0,1,0,차대사람 - 횡단중,안전운전불이행,포장 - 건조,맑음,단일로 - 기타,이륜,남,18세,상해없음,보행자,여,20세,경상
2020120800100612,2020년 12월 8일 22시,화요일,충청남도 천안시 서북구 성거읍,중상사고,0,1,0,0,차대사람 - 횡단중,보행자보호의무위반,포장 - 건조,맑음,교차로 - 교차로횡단보도내,승용,여,47세,상해없음,보행자,남,55세,중상
2020120900100030,2020년 12월 9일 06시,수요일,충청남도 천안시 서북구 직산읍,중상사고,0,1,0,0,차대사람 - 횡단중,보행자보호의무위반,포장 - 건조,맑음,교차로 - 교차로횡단보도내,승용,남,42세,상해없음,보행자,여,27세,중상
2020120900100272,2020년 12월 9일 14시,수요일,충청남도 천안시 서북구 두정동,중상사고,0,1,0,0,차대사람 - 횡단중,안전운전불이행,포장 - 건조,맑음,단일로 - 기타,승용,남,27세,상해없음,보행자,여,59세,중상
2020120900100300,2020년 12월 9일 15시,수요일,충청남도 천안시 서북구 입장면,경상사고,0,0,1,0,차대사람 - 기타,안전운전불이행,포장 - 건조,맑음,단일로 - 기타,승용,남,45세,상해없음,보행자,남,21세,경상
2020120900100367,2020년 12월 9일 17시,수요일,충청남도 보령시 청소면,경상사고,0,0,1,0,차대사람 - 차도통행중,안전운전불이행,포장 - 건조,맑음,단일로 - 기타,승용,남,58세,상해없음,보행자,남,66세,경상
2020121000100140,2020년 12월 10일 11시,목요일,충청남도 당진시 읍내리,경상사고,0,0,1,0,차대사람 - 횡단중,안전운전불이행,포장 - 건조,맑음,교차로 - 교차로안,승용,남,27세,상해없음,보행자,여,78세,경상
2020121000100202,2020년 12월 10일 13시,목요일,충청남도 아산시 영인면,중상사고,0,1,0,0,차대사람 - 기타,안전운전불이행,포장 - 건조,맑음,교차로 - 교차로안,화물,남,41세,상해없음,보행자,여,65세,중상
2020121000100319,2020년 12월 10일 17시,목요일,충청남도 아산시 둔포면,경상사고,0,0,1,0,차대사람 - 횡단중,기타,포장 - 건조,맑음,단일로 - 기타,승용,남,22세,상해없음,보행자,여,24세,경상
2020121000100422,2020년 12월 10일 19시,목요일,충청남도 논산시 화지동,중상사고,0,1,0,0,차대사람 - 길가장자리구역통행중,안전운전불이행,포장 - 건조,맑음,교차로 - 교차로안,승용,남,61세,상해없음,보행자,남,36세,중상
2020121000100423,2020년 12월 10일 19시,목요일,충청남도 서천군 마산면,중상사고,0,1,0,0,차대사람 - 보도통행중,안전운전불이행,포장 - 건조,맑음,단일로 - 기타,승용,여,31세,상해없음,보행자,여,89세,중상
2020121100100140,2020년 12월 11일 11시,금요일,충청남도 천안시 서북구 불당동,경상사고,0,0,1,0,차대사람 - 횡단중,보행자보호의무위반,포장 - 건조,맑음,교차로 - 교차로횡단보도내,승용,여,58세,상해없음,보행자,남,12세,경상
2020121100100141,2020년 12월 11일 11시,금요일,충청남도 당진시 읍내리,경상사고,0,0,1,0,차대사람 - 횡단중,보행자보호의무위반,포장 - 건조,맑음,교차로 - 교차로횡단보도내,승용,남,53세,상해없음,보행자,여,86세,경상
2020121100100202,2020년 12월 11일 13시,금요일,충청남도 천안시 서북구 쌍용동,경상사고,0,0,1,0,차대사람 - 기타,안전운전불이행,포장 - 건조,맑음,단일로 - 기타,승용,남,62세,상해없음,보행자,남,58세,경상
2020121100100284,2020년 12월 11일 15시,금요일,충청남도 천안시 서북구 성성동,중상사고,0,1,0,0,차대사람 - 횡단중,안전운전불이행,포장 - 건조,맑음,단일로 - 기타,승용,남,19세,상해없음,보행자,남,9세,중상
2020121100100419,2020년 12월 11일 18시,금요일,충청남도 예산군 예산읍,중상사고,0,1,0,0,차대사람 - 기타,안전운전불이행,포장 - 건조,맑음,교차로 - 교차로부근,화물,남,61세,상해없음,보행자,여,54세,중상
2020121100100512,2020년 12월 11일 20시,금요일,충청남도 공주시 신관동,경상사고,0,0,1,0,차대사람 - 기타,안전운전불이행,포장 - 건조,맑음,단일로 - 기타,승용,남,21세,상해없음,보행자,여,24세,경상
2020121100100584,2020년 12월 11일 22시,금요일,충청남도 서산시 해미면,경상사고,0,0,1,0,차대사람 - 횡단중,보행자보호의무위반,포장 - 건조,맑음,교차로 - 교차로안,승용,여,30세,상해없음,보행자,남,24세,경상
2020121200100076,2020년 12월 12일 09시,토요일,충청남도 서산시 읍내동,중상사고,0,1,0,0,차대사람 - 횡단중,안전운전불이행,포장 - 건조,맑음,교차로 - 교차로횡단보도내,화물,남,63세,상해없음,보행자,여,72세,중상
2020121200100366,2020년 12월 12일 18시,토요일,충청남도 서천군 장항읍,중상사고,0,1,0,0,차대사람 - 보도통행중,안전운전불이행,포장 - 건조,맑음,단일로 - 기타,화물,남,44세,상해없음,보행자,남,56세,중상
2020121200100441,2020년 12월 12일 20시,토요일,충청남도 논산시 강경읍,경상사고,0,0,1,0,차대사람 - 길가장자리구역통행중,안전운전불이행,포장 - 건조,맑음,교차로 - 교차로부근,승용,남,62세,상해없음,보행자,남,43세,경상
2020121300100280,2020년 12월 13일 18시,일요일,충청남도 서산시 고북면,중상사고,0,1,0,0,차대사람 - 차도통행중,안전운전불이행,포장 - 건조,맑음,단일로 - 기타,승용,남,43세,상해없음,보행자,여,85세,중상
2020121300100373,2020년 12월 13일 22시,일요일,충청남도 서천군 서천읍,경상사고,0,0,1,0,차대사람 - 기타,안전운전불이행,포장 - 건조,맑음,교차로 - 교차로안,특수,남,38세,상해없음,보행자,남,56세,경상
2020121400100084,2020년 12월 14일 08시,월요일,충청남도 태안군 태안읍,중상사고,0,1,0,0,차대사람 - 횡단중,보행자보호의무위반,포장 - 건조,맑음,교차로 - 교차로횡단보도내,승용,남,64세,상해없음,보행자,남,15세,중상
2020121500100355,2020년 12월 15일 17시,화요일,충청남도 천안시 동남구 영성동,중상사고,0,1,0,0,차대사람 - 기타,안전운전불이행,포장 - 건조,맑음,교차로 - 교차로안,화물,남,60세,상해없음,보행자,여,58세,중상
2020121600100213,2020년 12월 16일 13시,수요일,충청남도 아산시 용화동,경상사고,0,0,1,0,차대사람 - 기타,안전운전불이행,포장 - 건조,맑음,기타 - 기타,승용,남,39세,상해없음,보행자,남,50세,경상
2020121600100249,2020년 12월 16일 14시,수요일,충청남도 천안시 서북구 성정동,부상신고사고,0,0,0,1,차대사람 - 기타,안전운전불이행,포장 - 건조,맑음,단일로 - 기타,승용,남,52세,상해없음,보행자,남,35세,부상신고
2020121700100086,2020년 12월 17일 08시,목요일,충청남도 천안시 서북구 두정동,부상신고사고,0,0,0,1,차대사람 - 횡단중,보행자보호의무위반,포장 - 건조,맑음,교차로 - 교차로안,승용,남,40세,상해없음,보행자,남,7세,부상신고
2020121700100087,2020년 12월 17일 08시,목요일,충청남도 홍성군 홍북읍,경상사고,0,0,1,0,차대사람 - 기타,안전운전불이행,포장 - 건조,맑음,교차로 - 교차로안,승용,남,31세,상해없음,보행자,여,38세,경상
2020121700100127,2020년 12월 17일 09시,목요일,충청남도 서산시 읍내동,중상사고,0,1,0,0,차대사람 - 횡단중,보행자보호의무위반,포장 - 건조,맑음,교차로 - 교차로안,승용,여,52세,상해없음,보행자,여,59세,중상
2020121700100227,2020년 12월 17일 12시,목요일,충청남도 천안시 서북구 두정동,경상사고,0,0,1,1,차대사람 - 기타,안전운전불이행,포장 - 건조,맑음,단일로 - 기타,승합,남,50세,상해없음,보행자,남,17세,경상
2020121700100330,2020년 12월 17일 15시,목요일,충청남도 공주시 신관동,중상사고,0,1,0,0,차대사람 - 횡단중,보행자보호의무위반,포장 - 건조,맑음,교차로 - 교차로횡단보도내,승용,여,56세,상해없음,보행자,남,78세,중상
2020121700100438,2020년 12월 17일 18시,목요일,충청남도 청양군 비봉면,중상사고,0,1,0,0,차대사람 - 기타,안전운전불이행,포장 - 건조,맑음,주차장 - 주차장,승용,여,63세,상해없음,보행자,여,73세,중상
2020121700100549,2020년 12월 17일 21시,목요일,충청남도 홍성군 홍북읍,경상사고,0,0,1,0,차대사람 - 횡단중,신호위반,포장 - 건조,맑음,교차로 - 교차로안,이륜,남,18세,상해없음,보행자,여,36세,경상
2020121800100228,2020년 12월 18일 13시,금요일,충청남도 논산시 취암동,경상사고,0,0,1,0,차대사람 - 기타,안전운전불이행,포장 - 건조,맑음,교차로 - 교차로부근,승용,남,52세,상해없음,보행자,남,38세,경상
2020121800100349,2020년 12월 18일 16시,금요일,충청남도 천안시 서북구 성환읍,중상사고,0,1,0,0,차대사람 - 기타,안전운전불이행,포장 - 건조,맑음,교차로 - 교차로안,화물,남,65세,상해없음,보행자,남,50세,중상
2020121800100472,2020년 12월 18일 18시,금요일,충청남도 논산시 강경읍,중상사고,0,1,1,0,차대사람 - 기타,기타,포장 - 건조,맑음,교차로 - 교차로안,화물,남,66세,경상,보행자,남,63세,중상
2020121800100474,2020년 12월 18일 18시,금요일,충청남도 천안시 동남구 병천면,사망사고,1,0,0,0,차대사람 - 기타,안전운전불이행,포장 - 기타,맑음,단일로 - 기타,승용,남,51세,상해없음,보행자,여,88세,사망
2020121800100637,2020년 12월 18일 21시,금요일,충청남도 천안시 동남구 신부동,경상사고,0,0,1,0,차대사람 - 기타,안전운전불이행,포장 - 건조,맑음,기타 - 기타,승용,남,44세,상해없음,보행자,남,18세,경상
2020121900100041,2020년 12월 19일 06시,토요일,충청남도 예산군 덕산면,사망사고,1,0,0,0,차대사람 - 차도통행중,과속,포장 - 건조,맑음,교차로 - 교차로안,승용,남,74세,상해없음,보행자,남,68세,사망
2020121900100102,2020년 12월 19일 10시,토요일,충청남도 공주시 탄천면,중상사고,0,1,0,0,차대사람 - 기타,안전운전불이행,포장 - 건조,맑음,교차로 - 교차로부근,화물,남,54세,상해없음,보행자,남,64세,중상
2020121900100202,2020년 12월 19일 13시,토요일,충청남도 당진시 합덕읍,경상사고,0,0,1,0,차대사람 - 횡단중,안전운전불이행,포장 - 건조,맑음,교차로 - 교차로부근,화물,남,40세,상해없음,보행자,여,78세,경상
2020121900100391,2020년 12월 19일 18시,토요일,충청남도 아산시 온천동,경상사고,0,0,1,0,차대사람 - 차도통행중,안전운전불이행,포장 - 건조,맑음,단일로 - 기타,승용,남,46세,상해없음,보행자,남,63세,경상
2020121900100532,2020년 12월 19일 21시,토요일,충청남도 공주시 신관동,경상사고,0,0,1,0,차대사람 - 기타,기타,포장 - 건조,맑음,교차로 - 교차로횡단보도내,승용,남,25세,상해없음,보행자,여,29세,경상
2020122000100023,2020년 12월 20일 03시,일요일,충청남도 서산시 해미면,사망사고,1,0,0,0,차대사람 - 횡단중,안전운전불이행,포장 - 건조,맑음,단일로 - 기타,승용,남,38세,상해없음,보행자,여,69세,사망
2020122100100059,2020년 12월 21일 07시,월요일,충청남도 공주시 산성동,중상사고,0,1,0,0,차대사람 - 횡단중,보행자보호의무위반,포장 - 건조,맑음,교차로 - 교차로횡단보도내,건설기계,남,63세,상해없음,보행자,남,77세,중상
2020122100100129,2020년 12월 21일 09시,월요일,충청남도 천안시 동남구 원성동,경상사고,0,0,1,0,차대사람 - 기타,안전운전불이행,포장 - 건조,맑음,단일로 - 기타,승용,여,47세,상해없음,보행자,여,73세,경상
2020122100100298,2020년 12월 21일 14시,월요일,충청남도 천안시 서북구 백석동,중상사고,0,1,0,0,차대사람 - 기타,보행자보호의무위반,포장 - 건조,맑음,단일로 - 기타,승용,여,56세,상해없음,보행자,여,8세,중상
2020122100100471,2020년 12월 21일 18시,월요일,충청남도 공주시 유구읍,중상사고,0,1,0,0,차대사람 - 기타,안전운전불이행,포장 - 건조,맑음,단일로 - 기타,승합,남,44세,상해없음,보행자,여,10세,중상
2020122100100525,2020년 12월 21일 19시,월요일,충청남도 천안시 서북구 와촌동,중상사고,0,1,0,0,차대사람 - 횡단중,안전운전불이행,포장 - 건조,맑음,교차로 - 교차로안,승용,남,57세,상해없음,보행자,남,55세,중상
2020122100100573,2020년 12월 21일 20시,월요일,충청남도 서산시 석남동,중상사고,0,1,0,0,차대사람 - 횡단중,보행자보호의무위반,포장 - 건조,맑음,교차로 - 교차로횡단보도내,승용,여,39세,상해없음,보행자,남,39세,중상
2020122200100335,2020년 12월 22일 16시,화요일,충청남도 서산시 석림동,경상사고,0,0,1,0,차대사람 - 횡단중,보행자보호의무위반,포장 - 건조,맑음,교차로 - 교차로횡단보도내,승용,남,58세,상해없음,보행자,여,41세,경상
2020122200100366,2020년 12월 22일 17시,화요일,충청남도 부여군 부여읍,중상사고,0,1,1,0,차대사람 - 횡단중,과속,포장 - 건조,맑음,단일로 - 기타,이륜,남,19세,상해없음,보행자,여,17세,경상
2020122200100515,2020년 12월 22일 20시,화요일,충청남도 논산시 벌곡면,사망사고,1,0,0,0,차대사람 - 차도통행중,안전운전불이행,포장 - 건조,맑음,단일로 - 기타,승용,여,54세,상해없음,보행자,남,62세,사망
2020122200100516,2020년 12월 22일 20시,화요일,충청남도 천안시 동남구 다가동,중상사고,0,1,0,0,차대사람 - 횡단중,안전운전불이행,포장 - 건조,맑음,교차로 - 교차로부근,승용,남,42세,상해없음,보행자,남,54세,중상
2020122300100164,2020년 12월 23일 10시,수요일,충청남도 천안시 서북구 쌍용동,경상사고,0,0,1,0,차대사람 - 차도통행중,안전운전불이행,포장 - 건조,맑음,단일로 - 기타,화물,남,48세,상해없음,보행자,남,27세,경상
2020122300100448,2020년 12월 23일 18시,수요일,충청남도 홍성군 광천읍,중상사고,0,1,0,0,차대사람 - 횡단중,안전운전불이행,포장 - 건조,맑음,단일로 - 기타,승합,남,41세,상해없음,보행자,여,82세,중상
2020122300100583,2020년 12월 23일 21시,수요일,충청남도 당진시 채운동,중상사고,0,1,0,0,차대사람 - 횡단중,신호위반,포장 - 건조,맑음,교차로 - 교차로안,승용,여,53세,상해없음,보행자,남,55세,중상
2020122300100622,2020년 12월 23일 23시,수요일,충청남도 천안시 서북구 두정동,부상신고사고,0,0,0,1,차대사람 - 횡단중,안전운전불이행,포장 - 건조,맑음,단일로 - 기타,승용,남,52세,상해없음,보행자,여,25세,부상신고
2020122400100058,2020년 12월 24일 07시,목요일,충청남도 아산시 온천동,중상사고,0,1,0,0,차대사람 - 횡단중,보행자보호의무위반,포장 - 건조,맑음,교차로 - 교차로부근,승용,남,72세,상해없음,보행자,여,78세,중상
2020122400100203,2020년 12월 24일 12시,목요일,충청남도 천안시 서북구 성환읍,경상사고,0,0,1,0,차대사람 - 횡단중,안전운전불이행,포장 - 건조,맑음,단일로 - 기타,승합,남,34세,상해없음,보행자,여,16세,경상
2020122500100081,2020년 12월 25일 11시,금요일,충청남도 아산시 온천동,중상사고,0,1,0,0,차대사람 - 기타,안전운전불이행,포장 - 건조,맑음,단일로 - 기타,이륜,남,17세,상해없음,보행자,여,84세,중상
2020122500100235,2020년 12월 25일 17시,금요일,충청남도 천안시 서북구 성정동,중상사고,0,1,1,0,차대사람 - 횡단중,보행자보호의무위반,포장 - 건조,맑음,단일로 - 기타,이륜,남,38세,상해없음,보행자,여,53세,중상
2020122500100266,2020년 12월 25일 18시,금요일,충청남도 아산시 온천동,경상사고,0,0,1,0,차대사람 - 횡단중,보행자보호의무위반,포장 - 건조,기타,교차로 - 교차로안,승용,남,55세,상해없음,보행자,남,68세,경상
2020122600100066,2020년 12월 26일 09시,토요일,충청남도 공주시 중동,중상사고,0,1,0,0,차대사람 - 기타,안전운전불이행,포장 - 건조,맑음,주차장 - 주차장,승용,남,60세,상해없음,보행자,여,79세,중상
2020122600100149,2020년 12월 26일 13시,토요일,충청남도 천안시 동남구 신방동,중상사고,0,1,0,0,차대사람 - 기타,안전운전불이행,포장 - 건조,맑음,단일로 - 기타,승용,남,56세,상해없음,보행자,여,78세,중상
2020122700100030,2020년 12월 27일 07시,일요일,충청남도 천안시 동남구 구성동,중상사고,0,1,0,0,차대사람 - 횡단중,보행자보호의무위반,포장 - 건조,맑음,교차로 - 교차로안,승용,남,69세,상해없음,보행자,여,68세,중상
2020122700100121,2020년 12월 27일 15시,일요일,충청남도 아산시 탕정면,중상사고,0,1,0,0,차대사람 - 기타,안전운전불이행,포장 - 건조,맑음,단일로 - 기타,승용,여,58세,상해없음,보행자,남,68세,중상
2020122700100147,2020년 12월 27일 16시,일요일,충청남도 태안군 태안읍,중상사고,0,1,0,0,차대사람 - 횡단중,안전운전불이행,포장 - 건조,맑음,기타 - 기타,승용,여,67세,상해없음,보행자,여,70세,중상
2020122800100153,2020년 12월 28일 10시,월요일,충청남도 서산시 동문동,경상사고,0,0,1,0,차대사람 - 기타,안전운전불이행,포장 - 건조,맑음,단일로 - 기타,승용,남,83세,상해없음,보행자,남,60세,경상
2020122800100359,2020년 12월 28일 16시,월요일,충청남도 서산시 대산읍,경상사고,0,0,1,0,차대사람 - 기타,안전운전불이행,포장 - 건조,맑음,단일로 - 기타,건설기계,남,28세,상해없음,보행자,남,42세,경상
2020122800100361,2020년 12월 28일 16시,월요일,충청남도 논산시 상월면,경상사고,0,0,1,0,차대사람 - 기타,안전운전불이행,포장 - 건조,맑음,단일로 - 기타,농기계,남,69세,상해없음,보행자,남,47세,경상
2020122800100458,2020년 12월 28일 18시,월요일,충청남도 천안시 서북구 성환읍,경상사고,0,0,1,0,차대사람 - 횡단중,안전운전불이행,포장 - 건조,맑음,단일로 - 기타,승용,여,51세,상해없음,보행자,남,38세,경상
2020122800100459,2020년 12월 28일 18시,월요일,충청남도 아산시 탕정면,중상사고,0,1,0,0,차대사람 - 횡단중,신호위반,포장 - 건조,맑음,교차로 - 교차로횡단보도내,이륜,남,48세,상해없음,보행자,남,40세,중상
2020122800100487,2020년 12월 28일 19시,월요일,충청남도 천안시 서북구 두정동,경상사고,0,0,1,0,차대사람 - 횡단중,중앙선침범,포장 - 건조,맑음,단일로 - 기타,승용,남,55세,상해없음,보행자,여,24세,경상
2020122800100488,2020년 12월 28일 19시,월요일,충청남도 논산시 연산면,부상신고사고,0,0,0,1,차대사람 - 길가장자리구역통행중,중앙선침범,포장 - 건조,맑음,단일로 - 기타,이륜,남,38세,상해없음,보행자,남,19세,부상신고
2020122900100316,2020년 12월 29일 18시,화요일,충청남도 천안시 서북구 와촌동,경상사고,0,0,1,0,차대사람 - 차도통행중,기타,포장 - 젖음/습기,맑음,교차로 - 교차로안,승합,남,55세,상해없음,보행자,여,42세,경상
2020122900100319,2020년 12월 29일 18시,화요일,충청남도 예산군 덕산면,경상사고,0,0,1,0,차대사람 - 횡단중,보행자보호의무위반,포장 - 젖음/습기,눈,교차로 - 교차로횡단보도내,화물,남,46세,상해없음,보행자,여,71세,경상
2020123000100547,2020년 12월 30일 23시,수요일,충청남도 공주시 신관동,중상사고,0,1,0,0,차대사람 - 기타,안전운전불이행,포장 - 젖음/습기,눈,단일로 - 기타,승용,남,56세,상해없음,보행자,남,52세,중상